company_id,company_name,industry,quarter,working_capital_to_total_assets,retained_earnings_to_total_assets,ebit_to_total_assets,market_value_equity_to_total_liabilities,sales_to_total_assets,current_ratio,quick_ratio,debt_to_equity,interest_coverage,net_profit_margin,return_on_assets,return_on_equity,is_insolvent
COMP_0001,Integrated Instruments Ltd,Construction,Q4_2023,0.1249,0.3484,0.1056,2.6538,0.7632,1.5355,1.0302,0.6224,1.0955,0.089,0.0907,0.0356,0
COMP_0002,Strategic Management International,Technology,Q4_2023,0.1485,0.3036,0.0842,2.9069,1.2166,1.9614,1.3011,0.4726,7.4049,0.042,0.0798,0.0857,0
COMP_0003,Premier Digital LLC,Transportation,Q4_2023,0.1943,0.4785,0.0476,2.9327,0.4386,1.4605,0.8385,0.7988,5.3928,0.068,0.0428,-0.0095,0
COMP_0004,Integrated Instruments International,Telecommunications,Q4_2023,0.099,0.4079,0.1133,2.7924,1.0113,2.0033,1.3555,0.6408,4.294,0.1412,0.0892,0.1549,0
COMP_0005,Zenith Services LLC,Transportation,Q4_2023,0.1524,0.2103,0.1113,1.6638,1.1612,0.908,1.6227,1.3673,4.3913,0.0256,0.0632,0.1197,0
COMP_0006,Titan Dynamics Corp,Financial Services,Q4_2023,0.1892,0.3363,0.0064,2.6567,1.7798,1.0506,2.2649,1.7895,1.0367,0.0584,0.1091,0.2702,0
COMP_0007,Dynamic Analytics Group,Utilities,Q4_2023,0.1544,0.2915,0.1092,1.2431,0.5179,1.5092,1.0871,0.7307,8.6091,0.0505,0.04,0.1927,0
COMP_0008,Alpha Services LLC,Real Estate,Q4_2023,0.2237,0.3366,0.026,2.4927,0.8807,0.8205,0.9571,1.8496,6.0019,0.0594,0.0546,0.1651,0
COMP_0009,Zenith Devices Group,Energy,Q4_2023,0.1504,0.1035,0.0826,1.8162,0.5701,1.7338,0.8704,0.8635,1.0922,0.0707,0.0143,0.115,0
COMP_0010,Vanguard Instruments Group,Retail,Q4_2023,0.0975,0.2393,0.1238,2.198,0.6813,1.3198,2.2353,0.6099,4.8896,0.0197,0.0852,0.1345,0
COMP_0011,Prime Energy Co,Consumer Goods,Q4_2023,0.1583,0.3505,0.1349,2.9103,1.1697,1.6909,1.1103,0.8274,6.2331,0.0971,0.0934,0.0299,0
COMP_0012,American Partners Group,Real Estate,Q4_2023,0.2144,0.2822,0.0867,3.082,1.3414,1.3454,1.1425,2.1779,7.4629,0.0254,0.0491,0.1804,0
COMP_0013,Vertex Consulting Ltd,Manufacturing,Q4_2023,0.2846,0.236,0.1957,1.8099,1.0188,1.0134,0.8829,0.7423,1.0452,0.0902,0.0378,0.0637,0
COMP_0014,Zenith Resources Ltd,Real Estate,Q4_2023,0.2154,0.197,0.1414,2.181,0.879,0.6164,1.5202,1.5771,9.3331,0.0687,0.0537,0.1815,0
COMP_0015,Omega Power Co,Real Estate,Q4_2023,0.2193,0.3368,0.059,2.4067,1.0537,1.3895,1.8066,2.3942,5.9625,0.0808,0.0553,0.1081,0
COMP_0016,Innovative Development Ltd,Transportation,Q4_2023,0.3477,0.2738,0.1091,2.2625,1.0528,2.1539,0.9545,1.0344,3.1596,0.0221,0.0445,0.1142,0
COMP_0017,United Holdings Co,Real Estate,Q4_2023,0.1382,0.3969,0.1004,1.3754,0.9464,0.774,1.4645,1.6576,3.6174,0.0682,0.0079,0.0383,0
COMP_0018,Apex Management Ltd,Mining,Q4_2023,0.2329,0.1626,0.1394,2.0995,1.4735,1.1489,0.4657,1.048,8.5945,0.1046,0.0693,0.0948,0
COMP_0019,Horizon Enterprises International,Retail,Q4_2023,0.1894,0.3839,0.1026,2.0738,0.8766,1.1979,1.088,0.7237,7.6694,0.0522,0.0397,0.1349,0
COMP_0020,Integrated Enterprises Holdings,Consumer Goods,Q4_2023,0.3731,0.244,0.1376,3.2858,0.8627,2.0435,1.2668,0.6353,6.4457,0.0521,0.0567,0.1495,0
COMP_0021,Integrated Group Group,Transportation,Q4_2023,0.2318,0.2555,0.1654,3.0267,0.6626,1.7587,1.077,0.5563,5.9464,0.0399,0.0564,0.0975,0
COMP_0022,Omega Networks Co,Consumer Goods,Q4_2023,0.2017,0.2212,0.1046,4.0946,1.4765,1.5449,1.6319,0.9225,6.1009,0.0835,0.1262,0.0681,0
COMP_0023,Prime Ventures Inc,Transportation,Q4_2023,0.1425,0.3699,0.1786,2.4506,0.8431,1.5059,0.8665,0.7063,4.6696,0.0276,0.0667,0.1956,0
COMP_0024,Sterling Med International,Hospitality,Q4_2023,0.1509,0.174,0.0846,1.1789,0.6033,1.5892,1.2866,0.9943,5.7308,0.0151,0.0565,0.1385,0
COMP_0025,Alpha Management Co,Utilities,Q4_2023,0.1368,0.2381,0.1243,2.0677,0.1888,0.8849,1.0628,1.5131,1.07,0.0393,0.0507,0.199,0
COMP_0026,Sterling Devices Ltd,Real Estate,Q4_2023,0.4215,0.4174,0.1379,2.3499,1.0251,1.4615,1.6812,0.4605,7.4769,0.0836,0.0275,0.1058,0
COMP_0027,National Associates Corp,Utilities,Q4_2023,0.2111,0.0587,0.0393,1.7463,0.4956,0.97,1.1087,1.6907,4.063,0.0259,0.0874,0.183,0
COMP_0028,Zenith Industries International,Energy,Q4_2023,0.3044,0.3514,0.1152,1.2886,0.5953,2.2109,1.4299,1.1222,3.1594,-0.0054,0.0298,0.2094,0
COMP_0029,Titan Med Group,Agriculture,Q4_2023,0.1482,0.4706,0.0697,3.3907,0.9286,2.5168,1.6423,0.6585,4.7158,0.0403,0.0775,0.1452,0
COMP_0030,Atlantic Med Inc,Construction,Q4_2023,0.3102,0.2227,0.2008,3.7195,1.3228,2.8081,1.5478,0.3354,4.8814,0.0794,0.0645,0.1307,0
COMP_0031,United Capital International,Hospitality,Q4_2023,0.3919,0.4315,0.1741,1.1952,1.3967,1.0654,0.8768,0.8466,7.6105,0.026,0.0917,0.145,0
COMP_0032,Vanguard Materials LLC,Healthcare,Q4_2023,0.3349,0.4629,0.0766,1.8166,1.1943,2.2583,1.3098,1.0392,6.6916,0.0883,0.0444,0.0752,0
COMP_0033,National Tech Inc,Real Estate,Q4_2023,0.1696,0.2455,0.0841,1.391,0.8367,1.3197,1.1852,1.3634,3.7249,0.1001,0.0284,0.163,0
COMP_0034,Nexus Enterprises Holdings,Manufacturing,Q4_2023,0.2525,0.3892,0.1217,2.2978,0.939,1.5735,1.5692,0.5898,3.549,0.0356,0.0651,0.1719,0
COMP_0035,Horizon Logistics LLC,Hospitality,Q4_2023,0.2306,0.2511,0.1102,2.6934,1.5453,1.2076,1.1055,1.3882,5.8457,0.0475,0.0803,0.1671,0
COMP_0036,Omega Enterprises Group,Utilities,Q4_2023,0.1602,0.2416,0.1101,1.9116,0.3255,1.5887,1.2519,1.6789,2.8977,0.0734,0.0569,0.0631,0
COMP_0037,Paramount Group Ltd,Telecommunications,Q4_2023,0.1306,0.1283,0.1313,3.2569,0.6718,1.105,0.7503,1.1459,7.5348,0.0316,0.0406,0.0394,0
COMP_0038,Omega Consulting Co,Transportation,Q4_2023,0.1918,0.224,0.1329,1.9208,0.5868,2.1831,0.9784,1.074,5.0501,0.0768,0.0077,0.1093,0
COMP_0039,Elite Industries Ltd,Agriculture,Q4_2023,0.2403,0.1875,0.135,1.7055,0.926,1.577,0.6051,1.2677,3.5347,0.0429,0.0581,0.1122,0
COMP_0040,Summit Consulting Inc,Transportation,Q4_2023,0.1916,0.1517,0.1045,2.1235,1.1983,1.6864,1.9502,1.1689,2.8742,0.0727,0.0439,0.1146,0
COMP_0041,Strategic Bio Co,Healthcare,Q4_2023,0.2368,0.2041,0.0804,2.1517,1.3513,1.8952,1.2218,1.0961,5.3893,0.1125,0.1014,0.1104,0
COMP_0042,Summit Consulting International,Retail,Q4_2023,0.1387,0.3358,0.1007,1.6917,1.7007,1.3137,0.9187,1.179,2.4793,0.0033,0.0602,0.0774,0
COMP_0043,Sterling Corp LLC,Mining,Q4_2023,0.1192,0.2059,0.201,3.3035,0.9062,2.0513,1.1872,0.9763,5.5948,0.0741,0.0482,0.1324,0
COMP_0044,Strategic Dynamics Holdings,Agriculture,Q4_2023,0.1802,0.193,0.0759,2.4738,0.8148,1.2519,1.4551,1.1127,3.8553,0.0513,0.0793,0.1501,0
COMP_0045,Paramount Systems International,Retail,Q4_2023,0.3067,0.1854,0.0737,2.6873,1.1315,1.4728,1.3842,1.0353,4.6966,0.0483,0.0408,0.1416,0
COMP_0046,Nova Management Co,Energy,Q4_2023,0.1361,0.2534,0.0839,2.0786,0.8854,1.496,0.5542,0.5989,6.0741,0.0875,0.0174,0.0862,0
COMP_0047,Strategic Networks Ltd,Transportation,Q4_2023,0.2595,0.0642,0.1373,2.5435,1.0052,1.8365,1.4336,0.8145,1.9698,0.0903,0.0983,0.0578,0
COMP_0048,Omega Enterprises Ltd,Energy,Q4_2023,0.231,0.2225,0.1764,1.5594,0.8176,1.667,1.1575,0.6861,4.7989,0.044,0.0815,0.1145,0
COMP_0049,Strategic Associates International,Transportation,Q4_2023,0.1354,0.2712,0.0234,1.7632,1.172,1.0706,0.9564,0.2871,1.7022,0.0253,0.0568,0.1394,0
COMP_0050,Premier Industries LLC,Construction,Q4_2023,0.2844,0.1503,0.0339,3.2263,0.4255,1.8212,1.2168,1.2754,1.0735,0.0802,0.0395,0.1706,0
COMP_0051,Vertex Bio Group,Technology,Q4_2023,0.1201,0.2933,0.2594,2.682,1.0567,2.2491,1.1908,0.5749,5.2099,0.1653,0.0664,0.1264,0
COMP_0052,Nexus Tech International,Energy,Q4_2023,0.1578,0.1829,0.092,2.5124,0.3863,0.9776,0.7071,1.2359,3.5313,0.0785,0.0495,0.1175,0
COMP_0053,Atlantic Associates LLC,Healthcare,Q4_2023,0.1597,0.3615,0.0406,3.8341,1.476,2.4262,0.8597,0.478,6.454,0.0905,0.0366,0.075,0
COMP_0054,Pinnacle Associates Ltd,Financial Services,Q4_2023,0.2419,0.2651,0.1476,2.4032,1.388,1.5106,1.4059,1.7581,1.166,0.1048,0.1127,0.1458,0
COMP_0055,Paramount Development Ltd,Manufacturing,Q4_2023,0.1845,0.2441,0.1672,2.3829,1.0376,1.3023,0.9521,1.1418,6.5179,0.0268,0.0668,0.1216,0
COMP_0056,Titan Power Holdings,Manufacturing,Q4_2023,0.1781,0.395,0.0673,2.6491,1.0665,1.3832,1.4335,0.0968,1.7329,0.0662,0.0685,0.1125,0
COMP_0057,Dynamic Bio International,Hospitality,Q4_2023,0.0977,0.4658,0.1067,1.1257,1.5841,1.4761,1.2238,0.9901,2.7904,0.0336,0.0425,0.195,0
COMP_0058,Nova Services Corp,Utilities,Q4_2023,0.232,0.1504,0.0711,1.9452,0.2,0.7945,1.174,1.8201,8.3803,0.0492,0.0773,0.0905,0
COMP_0059,Innovative Instruments Ltd,Telecommunications,Q4_2023,0.2933,0.2053,0.085,1.1558,1.1169,1.8528,0.7041,0.9205,2.1488,0.0396,0.0766,0.0867,0
COMP_0060,Quantum Holdings Holdings,Utilities,Q4_2023,0.2753,0.2146,0.1297,2.274,0.7559,1.9957,1.0256,0.7402,7.8692,0.0869,0.0428,0.1749,0
COMP_0061,Nexus Partners Co,Retail,Q4_2023,0.3059,0.1603,0.0907,2.36,1.1896,1.6321,1.2209,1.0737,3.9459,0.0654,0.0423,0.0847,0
COMP_0062,Vertex Solutions Co,Transportation,Q4_2023,0.1209,0.2321,0.0269,2.1453,0.3926,1.8071,1.1444,0.7774,4.1502,0.0702,0.0809,0.1854,0
COMP_0063,Advanced Enterprises Holdings,Hospitality,Q4_2023,0.3025,0.3117,0.102,3.8992,1.0524,1.6016,1.4127,1.5816,5.0262,0.0378,0.0606,0.1573,0
COMP_0064,Quantum Services LLC,Hospitality,Q4_2023,0.1379,0.4368,0.0902,2.907,1.3207,2.1828,1.1675,0.5146,8.9645,0.0591,0.0521,0.1298,0
COMP_0065,Advanced Services LLC,Manufacturing,Q4_2023,0.2311,0.3572,0.1666,2.3476,0.6665,1.6137,1.5507,1.0276,6.3257,0.0605,0.0908,0.093,0
COMP_0066,Strategic Devices LLC,Telecommunications,Q4_2023,0.2055,0.2525,0.1514,2.3559,1.1117,1.0974,0.9298,0.737,2.5802,0.0762,0.0691,0.0463,0
COMP_0067,Quantum Digital Ltd,Hospitality,Q4_2023,0.1543,0.2808,0.1824,2.1495,1.6607,0.9484,1.7264,1.3738,3.1083,0.0532,0.074,0.119,0
COMP_0068,Precision Management Ltd,Manufacturing,Q4_2023,0.2393,0.2588,0.1197,1.7636,1.7394,2.8739,1.6339,0.6352,7.8037,0.1002,0.0675,0.1505,0
COMP_0069,Prime Energy Corp,Energy,Q4_2023,0.0885,0.3766,0.0566,1.4017,0.6677,2.3156,1.3319,1.7934,1.154,0.0162,0.0889,0.0133,0
COMP_0070,Horizon Enterprises Ltd,Retail,Q4_2023,0.3408,0.3445,0.1012,2.4365,0.4941,0.9873,0.9074,0.7764,1.0814,0.0447,0.098,0.1082,0
COMP_0071,Horizon Digital Inc,Energy,Q4_2023,0.2579,0.2413,0.0139,1.0687,0.5767,1.5988,1.4534,1.3461,2.7925,0.0235,0.08,0.0316,0
COMP_0072,Innovative Corp Group,Real Estate,Q4_2023,0.4192,0.2368,0.1044,2.0327,0.7559,0.6371,1.5955,0.6723,4.4736,0.1263,0.0746,0.2409,0
COMP_0073,Precision Development Co,Mining,Q4_2023,0.2043,0.2178,0.1498,3.5587,0.7489,1.5218,1.3106,1.1165,1.3683,0.1084,0.1115,0.11,0
COMP_0074,Strategic Instruments International,Hospitality,Q4_2023,0.1572,0.1416,0.1276,2.4202,1.6038,1.2596,1.552,0.7297,5.0988,0.0266,0.073,0.071,0
COMP_0075,American Instruments LLC,Telecommunications,Q4_2023,0.1623,0.3755,0.1549,2.8146,1.3994,1.6033,0.9325,0.8573,3.2303,0.0957,0.1032,0.1529,0
COMP_0076,Apex Instruments Ltd,Healthcare,Q4_2023,0.0492,0.2612,0.0735,2.2202,1.0165,1.3428,0.628,0.7868,2.5508,0.0929,0.0064,0.0435,0
COMP_0077,Prime Materials LLC,Agriculture,Q4_2023,0.3089,0.3682,0.0495,1.8981,1.0216,1.7769,1.601,0.796,9.5489,0.073,0.1111,0.1343,0
COMP_0078,Prime Capital Co,Retail,Q4_2023,0.1594,0.3012,0.156,1.5193,0.8001,1.4809,1.6309,0.6766,10.8565,0.0802,0.06,0.1416,0
COMP_0079,Vanguard Ventures Corp,Technology,Q4_2023,0.3223,0.4169,0.1131,2.452,1.0984,2.7372,1.3128,0.4145,5.9567,0.1188,0.0997,0.2094,0
COMP_0080,Quantum Resources Corp,Utilities,Q4_2023,0.2444,0.5485,0.1029,1.6444,0.5215,2.0964,1.2925,0.7523,5.9872,0.0782,0.0805,0.1747,0
COMP_0081,Precision Management Corp,Construction,Q4_2023,0.3062,0.3513,-0.0051,2.3926,0.6124,1.8152,1.3099,0.7266,3.9105,0.0464,0.064,0.1175,0
COMP_0082,Precision Devices International,Telecommunications,Q4_2023,0.2923,0.1728,0.1814,2.3541,0.8166,1.8828,0.7533,1.2215,5.5341,0.0368,0.0726,0.1141,0
COMP_0083,Omega Resources Holdings,Telecommunications,Q4_2023,0.1405,0.2288,0.0946,0.5984,0.6607,1.2415,0.9249,1.5132,4.8575,0.1056,0.035,0.1133,0
COMP_0084,Vertex Digital International,Construction,Q4_2023,0.3597,0.3326,0.0451,2.4073,1.0183,1.6243,0.7741,0.7614,5.0231,0.0283,0.0906,0.1736,0
COMP_0085,Zenith Associates Group,Construction,Q4_2023,0.3809,0.2432,0.086,3.1478,1.335,1.5119,1.5742,0.8174,6.7833,0.0464,0.1302,0.0551,0
COMP_0086,Atlantic International Corp,Construction,Q4_2023,0.0933,0.2516,0.1135,1.955,1.0017,1.2127,1.0122,0.9397,3.4834,0.0282,0.0463,0.0492,0
COMP_0087,Integrated Logistics Corp,Energy,Q4_2023,0.2573,0.2573,0.0794,2.3175,0.9951,1.1465,1.2133,0.7388,6.0093,0.0475,0.048,0.1016,0
COMP_0088,Strategic Development LLC,Technology,Q4_2023,0.1354,0.2346,0.1096,1.5509,0.7633,1.9447,1.5422,0.6813,4.4462,0.071,0.1268,0.1776,0
COMP_0089,Summit Management International,Real Estate,Q4_2023,0.2853,0.2809,0.1133,2.6052,1.0182,0.6734,1.4777,0.6176,3.5309,0.073,0.0589,0.0594,0
COMP_0090,Atlantic Ventures Ltd,Real Estate,Q4_2023,0.4113,0.3068,0.1055,1.9195,1.5594,2.0984,1.615,0.4658,3.6649,0.1151,0.0355,0.0914,0
COMP_0091,Atlantic Ventures Corp,Healthcare,Q4_2023,0.3354,0.3544,0.0308,1.9993,0.9144,0.8782,0.8431,0.7838,0.9699,0.0511,0.0394,0.0395,0
COMP_0092,Advanced Associates Ltd,Telecommunications,Q4_2023,0.1402,0.3807,0.1615,1.9423,1.1648,2.1029,1.5704,0.8028,7.186,0.0672,0.0626,0.0549,0
COMP_0093,Prime Development Group,Utilities,Q4_2023,0.1857,0.1796,0.0472,2.4018,0.5718,0.8881,1.5074,1.4292,3.9511,0.051,0.0148,0.09,0
COMP_0094,Prime Networks Ltd,Consumer Goods,Q4_2023,0.2702,0.128,0.0762,1.3311,0.4172,1.2798,1.2127,0.6552,4.3932,0.0436,0.0592,0.0622,0
COMP_0095,Atlantic Corp Inc,Technology,Q4_2023,0.133,0.3497,0.1608,2.1288,0.5967,1.3013,1.0722,0.8047,3.6959,0.0752,0.0949,0.085,0
COMP_0096,Strategic Development Group,Mining,Q4_2023,0.3161,0.4644,0.1106,1.6274,1.8609,1.6577,1.2374,0.2894,4.8173,0.0254,0.0577,0.0218,0
COMP_0097,Pinnacle Components Group,Utilities,Q4_2023,0.0216,0.123,0.1123,1.9723,0.3373,2.0282,0.6988,1.4238,3.5475,0.0382,0.0541,0.0978,0
COMP_0098,Advanced Logistics LLC,Technology,Q4_2023,0.303,0.1009,0.1232,1.3167,1.3206,2.2404,0.6841,0.6445,6.9253,0.0531,0.0249,0.111,0
COMP_0099,Vanguard Med Co,Retail,Q4_2023,0.1495,0.1906,0.0526,2.8891,0.5414,1.4254,1.3118,0.7235,3.9018,0.0353,0.0743,0.203,0
COMP_0100,Global Partners Group,Hospitality,Q4_2023,0.1373,0.2994,0.0788,2.1719,1.2604,2.0601,1.3336,0.735,3.749,0.0253,0.0662,0.1514,0
COMP_0101,Nexus Industries Corp,Healthcare,Q4_2023,0.348,0.2323,-0.0082,2.0214,0.6022,1.0717,1.7201,0.4959,3.5436,0.0745,0.1114,0.128,0
COMP_0102,Precision Industries LLC,Technology,Q4_2023,0.1074,0.1588,0.0404,2.1281,0.379,1.7172,1.5266,0.3926,4.6709,0.0704,0.0566,-0.0118,0
COMP_0103,Innovative Med LLC,Real Estate,Q4_2023,0.3333,0.1104,0.063,2.0112,1.0394,1.7901,1.2287,1.3666,2.4734,0.0146,0.0429,0.2512,0
COMP_0104,United Med Group,Financial Services,Q4_2023,0.3126,0.0272,0.1086,1.9874,1.4184,1.3024,2.1242,1.642,8.0123,0.0193,0.0054,0.1623,0
COMP_0105,United Ventures Holdings,Energy,Q4_2023,0.3582,0.4641,0.1454,2.8349,1.5843,2.6737,1.266,0.8767,6.746,0.0884,0.0544,0.1411,0
COMP_0106,United Tech Group,Telecommunications,Q4_2023,0.1723,0.2402,0.0787,3.3001,0.4252,1.4636,0.8622,1.3135,6.1612,-0.0012,0.0279,0.0908,0
COMP_0107,Quantum Instruments Ltd,Transportation,Q4_2023,0.2286,0.2772,0.1093,0.4982,0.5422,2.3702,0.9421,1.439,2.356,0.0406,0.1073,0.0935,0
COMP_0108,Dynamic International Ltd,Hospitality,Q4_2023,0.3068,0.5135,0.1,1.5853,1.7019,1.7891,1.373,0.3654,5.7955,0.0435,0.106,0.1117,0
COMP_0109,Vertex Systems Ltd,Construction,Q4_2023,0.1319,0.1136,0.0834,1.769,1.0384,2.1688,1.1105,0.4483,4.4643,0.0318,0.0742,0.0673,0
COMP_0110,Nova Services Group,Construction,Q4_2023,-0.0337,0.0633,0.03,2.4763,0.3933,2.0389,0.6915,0.8608,4.261,0.0608,0.0445,0.028,0
COMP_0111,Prime Analytics Ltd,Utilities,Q4_2023,0.1434,0.4093,0.0616,1.7729,0.5942,1.5745,1.5452,1.7671,9.9701,0.0573,0.0923,0.0827,0
COMP_0112,Horizon Resources Ltd,Telecommunications,Q4_2023,0.2409,0.3864,0.1424,2.1909,1.3841,2.1519,1.8941,0.2525,6.4666,0.0585,0.0689,0.1895,0
COMP_0113,Elite Power LLC,Healthcare,Q4_2023,0.2798,0.561,0.1571,1.9975,0.5613,2.2384,1.7597,0.948,3.4126,0.1267,0.1272,0.1891,0
COMP_0114,Global International International,Energy,Q4_2023,0.1372,0.5087,0.1671,2.8174,0.9018,1.6861,1.4004,0.2818,4.01,0.0531,0.0429,0.1514,0
COMP_0115,Integrated Systems Holdings,Hospitality,Q4_2023,0.3656,0.2695,0.1622,2.1048,1.4365,1.6189,0.7595,1.0761,5.164,-0.0056,0.0786,0.1956,0
COMP_0116,Sterling Group Group,Healthcare,Q4_2023,0.1072,0.2045,0.0899,2.5142,1.1324,0.9726,1.2814,0.9437,3.4431,0.0356,0.0619,0.123,0
COMP_0117,Quantum Industries Corp,Telecommunications,Q4_2023,0.2455,0.1892,0.112,2.2226,1.3368,2.607,1.2264,1.0065,8.2712,0.1015,0.0691,0.1285,0
COMP_0118,United Industries Corp,Financial Services,Q4_2023,0.2092,0.349,0.0999,1.8118,0.7034,0.7686,0.857,2.6275,4.9752,0.0655,0.0068,0.1368,0
COMP_0119,Apex Med Group,Energy,Q4_2023,0.2839,0.3891,0.1393,1.3549,0.7011,1.3662,1.5705,1.1709,3.9397,0.0818,0.0826,0.1489,0
COMP_0120,Innovative Associates Co,Financial Services,Q4_2023,0.3275,0.3615,0.1712,2.3916,1.5221,1.8117,1.6171,1.9939,3.885,-0.0024,0.0882,0.2036,0
COMP_0121,Precision Solutions LLC,Agriculture,Q4_2023,0.3065,0.1555,0.125,0.6911,1.0816,1.6311,0.9529,1.3603,2.9112,0.0167,0.099,0.0741,0
COMP_0122,Titan Holdings Group,Retail,Q4_2023,0.3142,0.2489,0.0679,1.9872,1.6484,1.9007,0.9512,0.6395,4.0752,0.0517,0.0631,0.2113,0
COMP_0123,United Partners Inc,Healthcare,Q4_2023,0.1781,0.2651,0.0923,3.5568,0.8129,1.9931,1.5951,1.082,4.6141,0.0547,0.0931,0.1897,0
COMP_0124,Nova Digital LLC,Energy,Q4_2023,0.0536,0.3427,0.1515,1.8912,1.0253,1.3445,1.14,0.8637,6.7113,0.0368,0.055,0.243,0
COMP_0125,United Dynamics Group,Agriculture,Q4_2023,0.1209,0.0631,0.1052,1.32,0.8389,1.7967,1.2633,0.7491,4.8641,0.0546,0.0668,0.146,0
COMP_0126,Paramount Services International,Construction,Q4_2023,0.2231,0.4117,0.0921,2.0477,0.8981,1.6254,1.527,0.6789,3.8003,0.065,0.0236,0.204,0
COMP_0127,Global Services Corp,Manufacturing,Q4_2023,0.4116,0.3394,0.095,2.7759,1.5297,2.2526,1.9213,0.6286,10.1247,0.0945,0.0798,0.1967,0
COMP_0128,Vanguard Resources Ltd,Financial Services,Q4_2023,0.1307,0.4257,0.081,2.4653,0.3786,0.6769,0.9808,2.2194,3.076,0.0486,0.076,0.0914,0
COMP_0129,Nexus Dynamics International,Construction,Q4_2023,0.3188,0.2934,0.1676,2.8329,1.1342,1.8693,1.6622,0.8101,4.7615,0.0743,0.0815,0.0924,0
COMP_0130,Prime International Corp,Construction,Q4_2023,0.0861,0.3139,0.0837,3.2042,1.198,2.0018,0.834,0.5263,8.3713,0.1259,0.0754,0.1451,0
COMP_0131,Horizon Analytics Group,Energy,Q4_2023,0.3067,0.2112,0.1724,1.8679,0.4603,1.7116,0.8779,0.882,2.9406,0.0754,0.0375,0.048,0
COMP_0132,Sterling Solutions Holdings,Energy,Q4_2023,0.1743,0.4184,0.1193,0.7784,1.1304,1.302,0.8774,1.2678,3.378,0.1123,0.0803,0.0447,0
COMP_0133,United Ventures LLC,Agriculture,Q4_2023,0.2643,0.5845,0.1412,1.9063,0.6262,2.0443,0.9499,0.4224,6.4561,0.0813,0.0663,0.0787,0
COMP_0134,Pinnacle Tech Inc,Real Estate,Q4_2023,0.166,0.3156,0.0025,2.2239,1.0815,1.5929,1.7172,2.1291,6.7967,0.0836,0.0511,0.078,0
COMP_0135,Alpha Associates Ltd,Hospitality,Q4_2023,0.2938,0.3362,0.1418,2.4918,0.8319,2.2009,1.1502,0.9162,7.299,0.0251,0.0468,0.1782,0
COMP_0136,Atlantic Logistics Holdings,Healthcare,Q4_2023,0.2228,0.3729,0.0738,3.29,1.253,1.4663,1.2302,1.5186,2.0895,0.1082,0.0625,0.1756,0
COMP_0137,Sterling Materials Holdings,Real Estate,Q4_2023,0.3161,0.3528,0.153,3.3643,0.78,1.6906,0.8215,0.6151,3.8725,0.0911,0.0641,0.1132,0
COMP_0138,Nexus Associates Holdings,Financial Services,Q4_2023,0.1046,0.3637,0.1688,0.8028,1.2603,1.5034,1.4394,0.8499,5.9666,0.1251,0.0712,0.244,0
COMP_0139,Apex Corp International,Agriculture,Q4_2023,0.2567,0.1096,0.0864,3.1085,0.7333,1.9727,1.3283,1.1062,2.8883,0.0233,0.0637,0.0293,0
COMP_0140,Nova Services Holdings,Telecommunications,Q4_2023,0.2691,0.3678,0.1866,1.7975,0.5625,2.0488,0.7704,2.0877,8.747,0.1417,0.0722,0.1615,0
COMP_0141,Apex Components Corp,Real Estate,Q4_2023,0.22,0.2434,0.0873,1.9091,0.713,0.5517,1.9334,0.9508,1.574,0.0759,0.0689,0.1179,0
COMP_0142,Vertex Partners LLC,Energy,Q4_2023,0.1549,0.2819,0.1839,3.5227,0.9013,2.2627,1.2782,0.6236,5.9526,0.0808,0.029,0.1633,0
COMP_0143,Pacific Associates Corp,Hospitality,Q4_2023,0.0286,0.1759,0.1067,1.2441,0.8494,1.5354,0.5023,1.1163,4.7595,0.0184,0.0863,0.0625,0
COMP_0144,Sterling Industries Corp,Transportation,Q4_2023,0.2282,0.1515,0.0413,3.1887,1.8621,1.4,0.5162,1.2298,4.6425,0.0891,0.0472,0.0596,0
COMP_0145,Nexus Energy Co,Hospitality,Q4_2023,0.1988,0.3683,0.0715,2.2005,1.1768,1.6287,0.8987,1.5812,1.7956,0.026,0.0997,0.1949,0
COMP_0146,Integrated Management Group,Transportation,Q4_2023,0.1332,0.1845,0.0459,2.8857,1.2922,1.4806,0.9777,0.8884,8.4268,0.0351,0.0204,0.1466,0
COMP_0147,Integrated Med International,Agriculture,Q4_2023,0.2069,0.3291,0.0407,1.4302,0.4576,1.1583,1.4291,0.9369,3.682,0.0097,0.0375,0.0169,0
COMP_0148,Quantum Capital LLC,Mining,Q4_2023,0.1329,0.3066,0.2767,2.5872,0.9963,2.2928,1.1984,0.6509,4.8017,0.1092,0.083,0.2204,0
COMP_0149,Premier Analytics International,Construction,Q4_2023,0.1852,0.1526,0.1447,2.3161,0.6934,2.0094,0.6406,0.8539,7.2803,0.0837,0.0718,0.1014,0
COMP_0150,Alpha Networks International,Mining,Q4_2023,0.2258,0.3162,0.1576,1.8785,1.6663,2.1596,1.9315,0.1316,6.2627,0.079,0.0731,0.1431,0
COMP_0151,Alpha Digital LLC,Utilities,Q4_2023,0.1933,0.4692,0.2119,2.3675,0.8335,2.5603,1.8005,1.1769,5.2374,0.076,0.0266,0.2373,0
COMP_0152,Dynamic Networks Group,Mining,Q4_2023,0.3157,0.1507,0.14,1.7803,0.7001,1.7718,1.7082,1.1005,4.4793,0.0836,0.0575,0.1353,0
COMP_0153,Nexus Networks LLC,Energy,Q4_2023,0.3135,0.394,0.1454,2.3199,1.4271,1.6821,1.5651,0.6072,4.2485,0.0646,0.0574,0.1893,0
COMP_0154,Nexus Systems Holdings,Construction,Q4_2023,0.2102,0.3963,0.0892,1.969,1.062,1.8842,1.6235,0.8182,4.3896,0.0978,0.0659,0.1144,0
COMP_0155,Vanguard Associates Holdings,Technology,Q4_2023,0.1268,0.238,0.0525,1.2528,1.0575,1.506,0.7796,0.6823,7.1637,0.0781,0.0677,0.0677,0
COMP_0156,Dynamic Enterprises Corp,Transportation,Q4_2023,0.1894,0.2386,0.1734,2.4371,2.1126,1.6678,1.0581,0.8522,8.2645,0.06,0.0803,0.1317,0
COMP_0157,Prime Group Inc,Consumer Goods,Q4_2023,0.2419,0.0956,0.0925,2.1627,0.9744,0.8995,1.2445,1.3827,3.7995,0.1023,0.0454,0.1304,0
COMP_0158,Omega Networks Holdings,Manufacturing,Q4_2023,0.2391,0.4441,0.0996,2.5937,1.0538,2.2161,1.8296,0.5831,8.3087,0.0229,0.0659,0.1422,0
COMP_0159,American Consulting Holdings,Retail,Q4_2023,0.2154,0.3071,0.0782,2.9752,1.6186,2.4333,1.4435,0.3542,6.4345,0.0464,0.1106,0.1427,0
COMP_0160,Vanguard Management Ltd,Telecommunications,Q4_2023,0.2602,0.3997,0.0914,4.1269,1.1186,1.8476,2.2342,0.8996,6.8915,0.0817,0.0766,0.1864,0
COMP_0161,Vanguard Components Co,Financial Services,Q4_2023,0.1484,0.1335,0.0268,2.273,0.9656,0.7431,0.7419,2.3265,2.2592,0.0657,0.0566,0.1594,0
COMP_0162,Summit Capital Inc,Retail,Q4_2023,0.1941,0.544,0.1285,1.1582,0.7263,2.4262,1.5193,1.0625,4.2077,0.0395,0.0159,0.1179,0
COMP_0163,Dynamic Partners Corp,Construction,Q4_2023,0.4372,0.1441,0.0714,1.4048,0.9621,1.3024,0.5759,0.9868,3.5211,0.0353,0.0382,0.1668,0
COMP_0164,Pinnacle Logistics Inc,Mining,Q4_2023,0.3612,0.3278,0.0802,2.511,1.107,3.0497,1.7613,0.8629,5.2058,0.1125,0.1011,-0.0124,0
COMP_0165,Advanced Materials LLC,Manufacturing,Q4_2023,0.0578,0.5323,0.1411,1.5367,1.1509,1.4869,1.3481,1.1066,1.806,0.064,0.0877,0.1336,0
COMP_0166,Vanguard Med International,Energy,Q4_2023,0.0269,0.3033,0.0258,1.9445,0.3204,0.9381,1.3941,1.7996,1.0146,0.0177,0.1008,0.1098,0
COMP_0167,Summit Corp Ltd,Financial Services,Q4_2023,0.1112,0.3007,0.2062,2.527,1.5759,1.1802,1.3247,1.2148,3.5721,0.0799,0.0601,0.2506,0
COMP_0168,Quantum Associates LLC,Agriculture,Q4_2023,0.2115,0.2169,0.1393,1.747,0.8823,1.9756,1.3424,0.1032,3.0519,0.0736,0.0761,0.1733,0
COMP_0169,Global Devices International,Consumer Goods,Q4_2023,0.2774,0.204,0.0372,2.2046,0.5168,2.0668,1.6996,0.4629,6.6936,0.0824,0.0439,0.1174,0
COMP_0170,Titan Development Group,Consumer Goods,Q4_2023,0.0971,0.156,0.0521,2.4689,0.7896,1.3298,1.0225,0.9825,3.1301,0.0328,0.0621,0.1127,0
COMP_0171,Vertex Tech Inc,Utilities,Q4_2023,0.4624,0.3751,0.0803,1.5141,0.7251,1.0051,1.5907,0.5462,3.7061,-0.0095,0.0769,0.1697,0
COMP_0172,Atlantic Associates LLC,Energy,Q4_2023,0.2277,0.3371,0.1425,2.0982,1.429,1.7374,1.4618,1.0016,6.9244,0.0387,0.0649,0.1569,0
COMP_0173,Innovative Resources Corp,Utilities,Q4_2023,0.228,0.1399,0.0582,1.7829,0.6014,0.865,1.314,1.7145,2.2459,0.1003,0.0302,0.1321,0
COMP_0174,Quantum Development LLC,Energy,Q4_2023,0.3345,0.3869,0.187,3.2787,1.0909,1.9411,1.7452,0.1275,7.8956,0.0542,0.1229,0.1949,0
COMP_0175,Nova Components Inc,Real Estate,Q4_2023,0.3423,0.2255,0.0749,0.5844,0.496,1.0199,1.2517,1.5067,1.8151,0.0799,0.0708,0.1541,0
COMP_0176,Dynamic Instruments Ltd,Telecommunications,Q4_2023,0.0655,0.2694,0.0098,2.1372,1.1786,1.8475,2.1171,1.1397,11.2364,0.1054,0.1054,0.167,0
COMP_0177,Strategic Digital International,Healthcare,Q4_2023,0.1745,0.2502,0.1228,1.191,1.3932,1.224,0.788,0.828,5.657,0.0224,0.0785,0.0536,0
COMP_0178,Horizon Capital Inc,Agriculture,Q4_2023,0.2512,0.3189,0.0439,3.0195,1.3205,2.476,1.39,0.7006,5.153,0.084,0.0629,0.2088,0
COMP_0179,Elite Industries Co,Technology,Q4_2023,0.1383,0.3784,0.1381,3.7844,0.8417,1.0361,1.201,0.6174,4.885,0.0905,0.0537,0.1838,0
COMP_0180,Zenith Corp Inc,Technology,Q4_2023,0.1615,0.1652,0.11,0.9605,1.1606,2.1866,1.7672,0.4856,5.4983,0.117,0.0649,0.0941,0
COMP_0181,Integrated Devices LLC,Consumer Goods,Q4_2023,0.1833,0.3558,0.1212,1.8426,1.3954,1.0186,1.5884,0.6346,4.5715,0.0284,0.0473,0.2112,0
COMP_0182,Pacific Services Ltd,Agriculture,Q4_2023,0.0887,0.2771,0.0711,1.8942,1.1224,1.3519,1.4631,0.7825,5.1136,0.0906,0.0587,0.1022,0
COMP_0183,Strategic Services LLC,Real Estate,Q4_2023,0.0504,0.2239,0.0219,0.9508,0.8974,1.1121,0.7845,1.404,5.033,0.0738,0.0267,0.2135,0
COMP_0184,Quantum Tech Ltd,Retail,Q4_2023,0.2581,0.3911,0.1465,2.3812,0.7945,1.1895,0.9315,0.5947,5.4164,0.021,0.0716,0.1821,0
COMP_0185,Apex Devices LLC,Agriculture,Q4_2023,0.1563,0.343,0.1238,3.1191,1.1869,2.3606,1.2055,0.6586,4.9953,0.0189,0.1071,0.0961,0
COMP_0186,Elite Capital Group,Mining,Q4_2023,0.1667,0.1782,0.1188,0.7769,1.3331,0.8971,0.9515,1.632,5.2808,0.0772,0.0093,0.049,0
COMP_0187,Premier Partners International,Energy,Q4_2023,0.3888,0.4012,0.1843,1.4896,1.4727,1.2669,1.3217,1.3135,6.6178,0.077,0.0568,0.029,0
COMP_0188,Omega Management Ltd,Retail,Q4_2023,0.1047,0.1665,0.1125,3.0556,0.6917,2.166,1.397,0.4344,6.2169,0.035,0.1411,0.1756,0
COMP_0189,Vanguard Power Ltd,Consumer Goods,Q4_2023,0.2947,0.2662,0.0601,2.5465,0.8209,1.7838,1.5191,0.4638,2.8922,0.0225,0.1097,0.2326,0
COMP_0190,Premier Systems Inc,Utilities,Q4_2023,0.2964,0.2017,0.075,2.5624,0.8203,1.7548,1.3704,1.8177,2.8453,0.0814,0.0544,0.1424,0
COMP_0191,Innovative Components LLC,Telecommunications,Q4_2023,-0.0077,0.2812,0.1258,2.9365,0.5471,1.0041,1.0655,1.5161,7.9931,0.041,0.0472,0.0621,0
COMP_0192,Alpha Corp Ltd,Consumer Goods,Q4_2023,0.1665,0.2966,0.0908,2.2285,1.1263,2.2339,1.7973,0.5642,1.6688,0.0751,0.0392,0.1722,0
COMP_0193,Precision Services Ltd,Hospitality,Q4_2023,0.0971,0.3471,0.1389,0.6851,1.7324,2.4118,1.4039,0.9481,5.6038,0.0296,0.0392,0.1008,0
COMP_0194,Zenith Bio Corp,Agriculture,Q4_2023,0.1085,0.3179,0.0517,2.1433,1.4905,1.5319,0.9862,0.9869,2.2822,0.0885,0.0993,0.113,0
COMP_0195,Atlantic Industries LLC,Construction,Q4_2023,0.2485,0.3951,0.056,3.1383,0.553,1.4735,0.9556,1.1156,3.9044,0.0336,0.0757,0.1682,0
COMP_0196,Pacific Logistics Group,Utilities,Q4_2023,0.3325,0.3167,0.1125,2.1248,0.2666,2.4038,1.3794,1.762,0.9827,0.069,0.0447,0.0363,0
COMP_0197,National Services International,Real Estate,Q4_2023,0.2961,0.0772,0.1569,2.0551,1.1351,1.0078,0.59,1.718,8.1888,0.0569,0.0743,0.1117,0
COMP_0198,Advanced Industries Co,Technology,Q4_2023,0.2003,0.3476,0.1329,3.0137,0.8479,1.9557,1.7704,0.702,3.3698,0.0986,0.0634,-0.0035,0
COMP_0199,Prime Solutions Co,Technology,Q4_2023,0.1661,0.3991,0.0969,2.9333,0.7091,1.2953,1.0192,0.3893,3.783,0.0766,0.0949,0.2409,0
COMP_0200,Nexus Networks Inc,Retail,Q4_2023,0.2876,0.3817,0.1839,2.7087,1.4995,1.9054,1.5203,0.6565,4.9706,0.0398,0.0911,0.1505,0
COMP_0201,United Materials Holdings,Manufacturing,Q4_2023,0.3513,0.3838,0.2135,2.4833,1.4697,2.0895,1.4083,0.9505,5.8791,0.1151,0.1045,0.179,0
COMP_0202,Zenith Industries Group,Construction,Q4_2023,0.1196,0.4019,0.1527,1.2294,1.8565,2.8903,1.968,0.3593,8.27,0.1147,0.0814,0.1493,0
COMP_0203,Premier Power International,Transportation,Q4_2023,0.1457,0.3085,0.0811,1.637,1.3925,2.3723,0.971,0.4739,1.0501,0.0658,0.083,0.1154,0
COMP_0204,Atlantic Group Holdings,Construction,Q4_2023,0.2782,0.2694,0.072,1.4464,0.5668,1.2667,1.2072,0.4792,3.6318,0.0445,0.0683,0.0297,0
COMP_0205,Global Management Ltd,Telecommunications,Q4_2023,0.2121,0.2333,0.2181,2.0949,1.034,1.8144,1.0011,1.4725,5.6351,0.0753,0.0444,0.0369,0
COMP_0206,American Systems LLC,Consumer Goods,Q4_2023,0.1708,0.2467,0.0621,2.5414,0.7166,1.5849,1.6206,1.178,7.835,0.0373,0.0905,0.0647,0
COMP_0207,Zenith Ventures Corp,Technology,Q4_2023,0.2162,0.2074,0.1012,1.6976,0.8687,1.6333,1.1565,0.6629,7.9021,0.0824,0.0585,0.051,0
COMP_0208,Strategic Systems LLC,Telecommunications,Q4_2023,0.2201,0.2069,0.1549,1.47,1.0635,0.9455,1.5219,1.5888,5.4505,0.0452,0.0201,0.0859,0
COMP_0209,Global Bio Corp,Transportation,Q4_2023,0.0927,0.2982,-0.0012,1.8782,1.2515,1.1194,1.6271,1.3856,2.9439,0.0535,0.0894,0.1215,0
COMP_0210,Pinnacle Group Corp,Transportation,Q4_2023,0.2535,0.4673,0.0886,2.9054,2.0036,2.4536,1.1323,0.8353,7.8118,0.1013,0.0481,0.1709,0
COMP_0211,Pinnacle Dynamics Ltd,Healthcare,Q4_2023,0.2246,0.1866,0.0774,1.7093,1.0006,2.512,1.3496,0.8085,4.1399,0.0864,0.0712,0.1241,0
COMP_0212,Paramount Consulting International,Telecommunications,Q4_2023,0.0418,0.2607,0.063,1.4846,0.4787,1.9398,1.437,0.7151,7.2644,0.0685,0.0896,0.1677,0
COMP_0213,Atlantic Energy LLC,Utilities,Q4_2023,0.1891,0.469,0.1747,2.8384,0.6179,2.1727,1.3688,0.9889,6.4766,0.0872,0.111,0.1547,0
COMP_0214,Integrated Med Corp,Mining,Q4_2023,0.1034,0.3617,0.0309,3.0732,0.8103,2.0922,0.8128,1.3835,1.5277,0.014,0.0876,0.11,0
COMP_0215,Advanced Group Inc,Manufacturing,Q4_2023,0.1833,0.2106,0.0077,2.0959,1.4105,1.6985,1.0868,0.7938,6.0167,0.0606,0.031,0.1874,0
COMP_0216,Titan Materials Ltd,Healthcare,Q4_2023,0.2092,0.4274,0.0677,2.0335,0.3459,1.1687,0.9051,1.3159,3.8425,0.1143,0.0425,0.1448,0
COMP_0217,Quantum Development Holdings,Construction,Q4_2023,0.3262,0.3532,0.1547,1.7752,0.4743,1.4334,0.553,1.3335,2.5208,-0.0457,0.1187,0.0667,0
COMP_0218,Vanguard Power Co,Healthcare,Q4_2023,0.2771,0.2926,0.2153,1.7736,1.6824,1.273,1.6771,1.3235,1.2026,0.1007,0.1008,0.1487,0
COMP_0219,Pacific Digital Corp,Financial Services,Q4_2023,0.1902,0.2125,0.0588,1.6946,1.1263,1.5804,0.5883,1.7325,4.4602,0.0212,0.0594,0.1439,0
COMP_0220,Nova Tech International,Construction,Q4_2023,0.2017,0.0369,0.1112,2.4226,0.7034,1.5298,0.9993,0.4252,1.0776,0.0954,0.035,0.2095,0
COMP_0221,Apex Components Corp,Construction,Q4_2023,0.3544,0.2924,0.1894,3.597,1.1453,2.542,2.1392,0.3474,7.8143,0.0728,0.1341,0.1548,0
COMP_0222,Advanced Services International,Energy,Q4_2023,0.1708,0.4218,0.1245,3.0431,0.993,2.1946,1.2436,0.701,2.628,0.0931,0.0905,0.1732,0
COMP_0223,Paramount Devices Ltd,Construction,Q4_2023,0.3293,0.5399,0.1476,1.8531,1.1351,1.7246,1.3307,0.3385,5.9924,0.0798,0.0412,0.1563,0
COMP_0224,Pacific Devices LLC,Healthcare,Q4_2023,0.2597,0.3133,0.1473,2.7805,1.2051,3.0179,1.8904,0.6266,3.2052,0.0969,0.0818,0.1599,0
COMP_0225,Titan Consulting Inc,Manufacturing,Q4_2023,0.3971,0.4691,0.165,2.6869,1.7667,2.1704,1.0193,0.8638,3.3668,0.036,0.0814,0.1104,0
COMP_0226,Pacific Logistics Inc,Agriculture,Q4_2023,0.0913,0.0277,-0.05,0.7648,0.7575,0.6003,0.6059,1.998,1.6293,-0.0221,0.0015,-0.0959,1
COMP_0227,United Solutions Corp,Technology,Q4_2023,0.031,0.2043,-0.0225,0.9158,0.2832,1.248,0.2845,1.9691,0.6668,-0.0159,-0.0157,-0.0636,1
COMP_0228,Atlantic Pharma Ltd,Financial Services,Q4_2023,-0.0809,0.1059,-0.0553,0.8017,1.1721,1.0365,0.8083,2.524,1.1425,-0.0593,-0.0403,0.0268,1
COMP_0229,Titan Industries Corp,Telecommunications,Q4_2023,-0.025,-0.0198,0.0408,1.2331,1.2209,1.053,0.917,2.4614,2.6255,0.0309,0.0062,0.0361,1
COMP_0230,Strategic Instruments Ltd,Retail,Q4_2023,0.0266,0.1209,-0.0063,1.0803,0.6052,1.0501,0.8538,3.7911,0.1024,-0.0348,-0.0694,-0.1274,1
COMP_0231,Strategic Analytics Holdings,Construction,Q4_2023,0.1741,0.0667,0.0465,0.5595,0.5079,1.0861,0.8187,2.8393,1.8984,-0.0274,-0.0284,0.0486,1
COMP_0232,Horizon Ventures Holdings,Mining,Q4_2023,-0.1566,0.028,-0.0652,0.9344,0.5454,0.9032,0.7281,4.4327,1.5462,0.0309,0.0386,-0.1173,1
COMP_0233,Global Power Inc,Agriculture,Q4_2023,0.0492,0.0357,0.0097,0.7854,0.7134,0.6134,0.7961,1.4276,2.6008,-0.0506,-0.0831,-0.1787,1
COMP_0234,Vertex Development Ltd,Technology,Q4_2023,-0.1827,0.2093,0.0309,0.7248,0.6052,0.9897,0.1649,2.4558,2.7991,-0.0495,-0.0092,-0.0934,1
COMP_0235,Premier Devices Holdings,Agriculture,Q4_2023,0.0284,0.2047,-0.02,1.2119,0.6359,0.8621,0.7348,2.556,1.9201,-0.0451,-0.0714,-0.0956,1
COMP_0236,Pinnacle Capital Corp,Utilities,Q4_2023,0.1416,-0.0233,0.0173,1.1298,0.5693,0.792,0.5266,3.7791,2.843,-0.0083,0.033,-0.0407,1
COMP_0237,Strategic Development Holdings,Consumer Goods,Q4_2023,0.0158,0.1834,-0.0017,1.5001,0.7405,0.9806,0.9264,2.426,1.4749,-0.0592,-0.02,0.0974,1
COMP_0238,Omega Energy Group,Technology,Q4_2023,0.0228,-0.0724,-0.0139,0.8751,0.2669,0.9463,0.6102,1.3941,0.8479,-0.1048,-0.0395,-0.218,1
COMP_0239,Titan Holdings International,Financial Services,Q4_2023,-0.1616,0.1644,0.0143,1.2908,0.6147,0.6384,1.1684,6.4723,0.3375,-0.0002,-0.0548,0.0511,1
COMP_0240,Precision Bio Ltd,Consumer Goods,Q4_2023,0.0438,-0.1048,0.0435,1.0377,0.7313,1.1774,1.0972,1.4443,2.3097,-0.0484,-0.0094,-0.0883,1
COMP_0241,Sterling Services Ltd,Technology,Q4_2023,-0.0197,-0.0049,-0.034,1.3219,0.6974,1.2776,1.1049,1.8014,1.9136,0.01,-0.018,-0.124,1
COMP_0242,Elite Tech Corp,Healthcare,Q4_2023,0.035,0.1129,0.041,1.0599,0.4375,0.8081,0.7086,4.0808,1.8066,-0.1336,0.0057,-0.192,1
COMP_0243,Elite Management Holdings,Utilities,Q4_2023,-0.1256,-0.0867,-0.1153,0.9849,0.4645,0.8853,0.1088,1.6596,1.568,0.0067,-0.047,0.0382,1
COMP_0244,Premier Solutions Ltd,Mining,Q4_2023,0.0256,-0.0554,-0.0124,0.6554,0.7268,1.2803,0.8609,4.8051,0.4319,0.0168,-0.0376,-0.2067,1
COMP_0245,Vanguard Med Inc,Utilities,Q4_2023,-0.0497,0.0868,-0.01,1.1988,0.2788,1.2552,0.7083,5.8079,1.5472,-0.0249,-0.0168,-0.0531,1
COMP_0246,Nova Industries Co,Real Estate,Q4_2023,0.0952,0.0248,-0.0317,0.6726,0.6166,0.6079,0.982,3.3326,1.2895,-0.0338,0.0078,-0.0315,1
COMP_0247,Zenith Industries Inc,Financial Services,Q4_2023,0.0984,-0.041,0.0159,0.5582,0.8053,0.7199,0.8939,7.4894,1.6601,-0.04,-0.0214,-0.2879,1
COMP_0248,Sterling Tech Inc,Mining,Q4_2023,0.1282,0.1794,-0.0602,0.594,0.5408,1.3734,0.557,3.2684,1.0199,-0.027,-0.0056,0.0836,1
COMP_0249,Titan Services Ltd,Mining,Q4_2023,0.0016,0.1464,-0.0313,0.7521,0.5427,1.0858,0.8752,3.4441,0.8772,-0.022,0.0354,-0.04,1
COMP_0250,Elite Digital LLC,Technology,Q4_2023,0.0575,-0.0613,0.0083,0.5469,0.5242,1.1772,0.4787,1.6893,2.2885,-0.0753,0.0248,0.04,1
COMP_0251,Summit Partners LLC,Retail,Q4_2023,-0.0948,0.0781,0.0743,0.9084,1.1245,0.5948,0.8334,4.0709,2.4777,-0.0346,0.0201,0.0757,1
COMP_0252,Global Devices Group,Consumer Goods,Q4_2023,-0.0317,0.1308,0.0213,1.2365,1.4318,0.3752,0.3869,2.2163,2.3449,-0.0051,0.0133,0.1075,1
COMP_0253,Sterling Analytics International,Hospitality,Q4_2023,-0.0746,0.0182,-0.0448,1.3223,0.2567,1.0039,0.3943,1.5392,1.8154,-0.0357,-0.014,-0.1322,1
COMP_0254,Pacific Dynamics Holdings,Telecommunications,Q4_2023,-0.0377,-0.2697,0.0396,0.7411,0.5278,1.0292,0.4566,3.2823,0.8995,-0.1029,-0.0122,0.1092,1
COMP_0255,Global Materials International,Agriculture,Q4_2023,-0.0608,0.0678,-0.0572,0.6394,0.4854,1.0283,0.2987,1.3111,1.2298,0.0041,-0.0004,0.0959,1
COMP_0256,Atlantic International Co,Financial Services,Q4_2023,0.1042,0.1936,0.0145,1.0309,0.6089,0.8236,0.6911,4.8027,0.6853,-0.0256,0.0427,-0.1413,1
COMP_0257,Titan Systems Corp,Utilities,Q4_2023,0.0053,-0.0081,0.0039,0.7015,0.235,1.5298,0.9912,4.1053,1.0513,-0.0411,-0.1016,-0.0353,1
COMP_0258,National Associates Group,Utilities,Q4_2023,-0.0431,-0.19,-0.0039,0.2402,0.5212,1.088,0.19,3.4289,2.8411,-0.019,-0.0326,-0.1707,1
COMP_0259,Alpha Associates Co,Energy,Q4_2023,0.0232,0.0742,0.087,0.7339,0.5332,1.3072,1.0039,1.394,0.9058,-0.0627,-0.014,-0.1176,1
COMP_0260,Sterling Logistics Inc,Consumer Goods,Q4_2023,0.1503,-0.065,0.0075,0.7539,0.7842,1.2738,0.7194,1.8827,1.8633,-0.0466,-0.0261,-0.1457,1
COMP_0261,Atlantic Digital International,Construction,Q4_2023,-0.0219,0.1618,-0.0588,0.1106,0.9203,0.958,0.8616,2.1933,0.8383,0.0085,-0.014,-0.1127,1
COMP_0262,Innovative International LLC,Transportation,Q4_2023,-0.0206,0.2289,0.071,0.7586,1.2199,1.1416,1.2725,3.4168,1.2555,-0.0524,-0.0171,-0.0847,1
COMP_0263,Sterling Associates LLC,Transportation,Q4_2023,-0.1165,-0.106,-0.005,1.1168,0.9647,0.6538,0.8812,2.4891,1.5515,0.0106,0.042,-0.0011,1
COMP_0264,Apex Capital Group,Agriculture,Q4_2023,0.0883,0.1899,-0.0132,0.6848,0.7165,1.4017,0.3053,2.1368,1.4628,-0.0334,-0.0246,0.0205,1
COMP_0265,Global Analytics International,Utilities,Q4_2023,0.0359,0.1922,-0.0186,1.0719,0.3227,1.1021,0.71,4.6707,2.7283,-0.0303,0.0399,0.0898,1
COMP_0266,Dynamic Instruments Corp,Technology,Q4_2023,0.0393,0.0118,-0.0015,1.1412,0.5489,1.2281,0.4614,0.6692,1.9836,0.0214,-0.018,0.0171,1
COMP_0267,Global Logistics Inc,Transportation,Q4_2023,-0.015,0.0116,0.0111,0.7424,0.4948,0.9633,0.521,4.61,2.2112,-0.0926,0.0021,-0.0004,1
COMP_0268,Pacific Dynamics LLC,Transportation,Q4_2023,-0.1626,-0.0686,0.015,1.3245,0.9556,0.9832,0.9649,2.3306,0.5022,-0.0172,-0.0479,0.0283,1
COMP_0269,Innovative Energy Group,Healthcare,Q4_2023,-0.0936,-0.0627,-0.1096,1.3552,0.8313,0.9353,0.3984,2.8038,1.3678,-0.095,-0.1057,-0.1108,1
COMP_0270,Quantum Industries Inc,Manufacturing,Q4_2023,-0.16,-0.1075,0.0498,0.8836,0.6451,0.6604,0.5083,1.1799,1.5206,0.007,0.04,-0.1634,1
COMP_0271,Summit Associates Group,Agriculture,Q4_2023,-0.122,-0.1919,0.0794,1.183,0.5624,1.029,0.6244,2.7283,0.9873,-0.0254,0.0118,0.0924,1
COMP_0272,Global Group Corp,Transportation,Q4_2023,0.0119,-0.1731,0.0217,0.8078,0.7328,1.2116,0.7403,2.8013,2.9462,-0.0065,0.0151,0.0425,1
COMP_0273,Titan Components Co,Utilities,Q4_2023,-0.2004,0.0727,-0.0416,1.2472,0.5435,1.0419,0.5015,4.3168,1.1345,0.0087,0.0096,0.1129,1
COMP_0274,United Components LLC,Mining,Q4_2023,0.1504,0.0583,0.0455,1.2547,0.6881,1.3906,0.7193,2.7066,2.1261,0.0325,0.0004,-0.1163,1
COMP_0275,Integrated Logistics Ltd,Telecommunications,Q4_2023,0.0373,0.0947,0.0285,0.2184,0.6676,1.0979,0.8412,3.5295,1.3948,-0.048,0.0305,-0.1827,1
COMP_0276,Prime International International,Agriculture,Q4_2023,-0.1626,0.0524,-0.1091,0.2596,0.6116,1.3062,0.5215,3.6857,1.1042,0.0224,-0.0511,-0.1236,1
COMP_0277,Pacific Group LLC,Consumer Goods,Q4_2023,-0.0891,-0.2346,-0.0064,0.9882,0.7122,0.3547,0.0987,3.6854,1.4215,-0.0059,-0.0078,-0.1617,1
COMP_0278,United Partners Corp,Mining,Q4_2023,0.1721,-0.0907,-0.0507,0.7326,0.8411,1.2463,0.5786,3.1319,3.0632,0.0147,0.0388,-0.0062,1
COMP_0279,Summit Dynamics Corp,Energy,Q4_2023,-0.0097,0.1865,0.101,0.8183,0.8597,0.7866,0.8535,4.3294,1.601,0.0324,-0.0096,-0.0262,1
COMP_0280,American Ventures LLC,Retail,Q4_2023,-0.1449,0.1375,0.0448,1.2343,1.1882,0.9932,0.4064,2.7785,1.4376,0.004,-0.0093,-0.0051,1
COMP_0281,Integrated Services Ltd,Financial Services,Q4_2023,0.0544,0.2133,0.0544,0.8332,0.5236,1.1278,0.7148,5.4086,2.3798,-0.0391,0.0166,-0.2068,1
COMP_0282,Titan Components International,Utilities,Q4_2023,0.1513,0.2155,-0.0603,1.555,0.1543,0.7715,0.358,5.8324,2.1906,-0.0007,-0.0777,-0.0271,1
COMP_0283,Atlantic Corp Ltd,Manufacturing,Q4_2023,0.0374,0.0514,0.0329,0.4031,0.1246,1.0598,0.8458,2.2441,3.3108,-0.0338,-0.0331,-0.021,1
COMP_0284,Advanced International International,Financial Services,Q4_2023,0.0409,-0.1103,0.0742,0.9183,0.418,0.529,0.824,3.402,0.8615,-0.0122,-0.0321,-0.12,1
COMP_0285,Apex International Holdings,Manufacturing,Q4_2023,-0.008,-0.0433,-0.0292,0.5836,0.7167,1.1012,0.775,1.0322,1.3388,-0.1072,0.0103,-0.0143,1
COMP_0286,Zenith Materials Ltd,Real Estate,Q4_2023,-0.0292,0.0982,-0.0215,0.5646,0.4492,0.7285,0.643,2.4504,1.4064,-0.0569,-0.0361,-0.1874,1
COMP_0287,Titan Ventures Inc,Retail,Q4_2023,-0.1272,0.081,0.0001,0.5068,1.0459,0.9095,0.5949,4.0426,2.2591,0.0143,0.0403,-0.0291,1
COMP_0288,Horizon Systems Co,Manufacturing,Q4_2023,0.1695,-0.157,-0.0061,1.2356,0.9454,0.7667,1.0303,2.4652,2.9205,-0.0145,-0.0718,0.1005,1
COMP_0289,Omega Tech Ltd,Mining,Q4_2023,-0.0727,-0.1344,-0.0168,0.7062,0.7904,1.0436,1.035,4.0879,3.0933,-0.082,0.0153,-0.193,1
COMP_0290,National Services Co,Transportation,Q4_2023,-0.1828,0.045,-0.0485,1.1258,0.8328,1.2027,0.5308,4.8452,2.4459,0.0049,0.03,-0.1259,1
COMP_0291,Nova Holdings Inc,Energy,Q4_2023,0.0163,-0.0378,0.0253,0.8479,0.8125,1.569,0.8225,5.3984,2.0544,-0.0467,0.0392,-0.0393,1
COMP_0292,Pinnacle Ventures Corp,Consumer Goods,Q4_2023,-0.0339,0.2035,-0.0344,1.4001,0.9651,0.7856,0.5398,2.3889,2.5946,0.0152,-0.0018,0.0719,1
COMP_0293,Vertex Solutions Group,Real Estate,Q4_2023,0.0245,0.0212,0.0121,0.5299,0.9075,0.6428,0.9948,8.6466,0.7044,-0.0156,-0.0132,0.1007,1
COMP_0294,Elite Digital International,Utilities,Q4_2023,-0.1192,0.208,-0.006,0.4594,0.4812,1.166,1.0733,1.6667,2.736,0.0261,0.0039,0.0294,1
COMP_0295,Titan Corp Corp,Mining,Q4_2023,-0.098,-0.0508,-0.0205,0.6106,0.5813,0.9037,0.9807,5.7065,1.0177,-0.0536,-0.0244,-0.0513,1
COMP_0296,Quantum Services LLC,Retail,Q4_2023,0.0756,0.1084,-0.0516,0.735,1.2832,1.2635,1.0829,2.2796,1.8239,0.006,0.0051,-0.1376,1
COMP_0297,Dynamic Networks International,Transportation,Q4_2023,-0.0529,0.0416,0.0426,0.4987,0.9332,1.4828,0.8995,2.5625,1.9132,0.0202,-0.0475,-0.2219,1
COMP_0298,Atlantic Bio Ltd,Consumer Goods,Q4_2023,0.0249,0.0502,0.0386,0.9068,0.6267,0.8173,0.7325,1.8478,2.7284,-0.0238,-0.0528,-0.0656,1
COMP_0299,Vertex Resources International,Agriculture,Q4_2023,-0.0019,0.1658,-0.0268,0.8611,0.6072,0.7039,0.7342,2.5685,1.3662,-0.0328,-0.0133,-0.0545,1
COMP_0300,American Industries International,Utilities,Q4_2023,-0.1757,0.1642,0.0515,0.7586,0.4417,1.5543,1.2117,2.6216,3.2442,0.0033,0.0401,-0.1403,1
COMP_0301,Apex Capital Group,Transportation,Q4_2023,0.0441,0.1818,0.0716,0.2494,0.8375,1.3456,0.6801,2.5905,0.9666,-0.0168,-0.0097,-0.0671,1
COMP_0302,Omega Energy Corp,Manufacturing,Q4_2023,-0.1447,0.1179,-0.0626,0.8311,0.4974,0.8864,0.2496,2.5247,1.877,0.0184,-0.0216,-0.1691,1
COMP_0303,National Services Co,Mining,Q4_2023,0.1244,-0.0581,0.1067,1.3229,0.6243,1.1824,0.6709,3.3326,2.4341,-0.0801,0.0169,-0.0283,1
COMP_0304,Advanced Corp Corp,Utilities,Q4_2023,-0.0485,-0.048,0.056,0.6027,0.3359,0.9107,0.4594,6.0797,1.2326,0.0009,-0.0192,-0.0424,1
COMP_0305,Advanced Resources Ltd,Technology,Q4_2023,0.0719,0.1063,-0.0107,0.5773,0.6533,1.0848,0.7867,1.6321,2.6628,0.0219,-0.0548,-0.1821,1
COMP_0306,Strategic Power Group,Telecommunications,Q4_2023,0.0719,0.1361,0.0582,0.5474,0.8492,1.1657,0.8364,2.53,0.0996,-0.0802,0.0189,0.0967,1
COMP_0307,Zenith Partners Inc,Transportation,Q4_2023,0.0105,0.0819,-0.0036,0.3892,0.5272,1.2921,0.5447,3.5117,1.7992,-0.0254,0.0076,-0.0933,1
COMP_0308,Pacific Enterprises Group,Consumer Goods,Q4_2023,0.1658,0.2154,-0.019,1.3209,0.5988,1.2474,0.8604,3.7627,2.1839,-0.0181,-0.0043,0.1131,1
COMP_0309,Nova Tech Co,Construction,Q4_2023,0.1435,-0.0732,-0.0309,1.6392,0.3905,0.8763,0.7606,2.295,1.2025,0.0086,0.0247,-0.0308,1
COMP_0310,Vertex Networks Group,Agriculture,Q4_2023,0.1263,-0.0872,-0.0353,0.5896,0.712,1.2017,0.648,1.9412,2.9,-0.0277,0.0095,-0.0761,1
COMP_0311,Integrated Development Group,Retail,Q4_2023,-0.14,0.0638,0.0285,0.8901,1.5882,0.9977,0.1429,1.9421,2.1846,0.0001,-0.0082,-0.057,1
COMP_0312,Summit Pharma Ltd,Agriculture,Q4_2023,-0.0166,-0.0528,0.0551,0.3065,0.2521,0.5092,0.1673,3.8394,2.637,-0.0442,-0.0044,0.0928,1
COMP_0313,Sterling Components Group,Real Estate,Q4_2023,-0.0189,0.0778,0.0216,0.3097,0.6286,0.7053,0.6834,2.7121,2.1874,-0.0465,0.0216,0.0188,1
COMP_0314,Prime Systems Ltd,Real Estate,Q4_2023,-0.058,-0.0998,0.0244,1.0267,0.5436,1.0426,1.2223,5.0947,1.0058,-0.0196,-0.0463,-0.14,1
COMP_0315,Pacific Instruments Inc,Financial Services,Q4_2023,0.0246,0.0967,0.0049,1.0095,0.6803,0.2937,0.3477,6.5737,1.3812,-0.0112,-0.005,-0.1209,1
COMP_0316,Strategic Holdings Inc,Financial Services,Q4_2023,0.0451,-0.0425,0.0503,0.6875,0.655,0.6719,0.798,2.9918,1.2461,-0.0547,-0.0045,-0.0297,1
COMP_0317,Summit Analytics LLC,Transportation,Q4_2023,-0.0181,0.022,0.0007,0.6426,0.7326,1.1492,0.5371,3.9121,1.9284,-0.0693,-0.0443,-0.0221,1
COMP_0318,United Enterprises Group,Agriculture,Q4_2023,0.1273,-0.0691,0.0456,0.551,0.7416,0.5372,1.0541,3.6997,1.0841,-0.041,0.0047,-0.1934,1
COMP_0319,Horizon Management LLC,Technology,Q4_2023,-0.041,0.0039,-0.0345,0.3778,0.5358,0.9715,0.8049,1.3032,0.1059,-0.1902,-0.0277,-0.054,1
COMP_0320,Strategic Industries Co,Telecommunications,Q4_2023,-0.1013,0.024,0.0096,0.5548,0.8377,1.1676,0.7193,4.0034,1.233,-0.0409,-0.0502,-0.0544,1
COMP_0321,Pinnacle Med Holdings,Agriculture,Q4_2023,-0.1302,0.0497,0.0325,0.8665,0.7506,1.2987,0.7284,1.4817,2.0185,0.0045,0.0023,-0.0858,1
COMP_0322,Vanguard Power Co,Retail,Q4_2023,0.0754,-0.1814,0.0046,1.1244,1.1014,1.0782,0.6894,2.9997,2.809,-0.0599,-0.0224,-0.1965,1
COMP_0323,Strategic Development Corp,Utilities,Q4_2023,0.0665,0.0313,-0.0412,0.9425,0.5477,1.1897,0.4022,5.0823,2.3378,-0.0073,0.0322,0.0456,1
COMP_0324,Vertex Consulting Inc,Manufacturing,Q4_2023,-0.2252,0.112,-0.0125,0.8111,0.6811,0.7405,0.1069,2.8086,0.2624,-0.0147,-0.0308,0.024,1
COMP_0325,Horizon Instruments Holdings,Utilities,Q4_2023,0.0718,-0.056,-0.0706,0.8697,0.3013,0.714,0.9056,6.7134,1.7818,0.0215,-0.0179,0.0028,1
COMP_0326,Quantum Components Corp,Construction,Q4_2023,-0.2297,-0.0734,0.0789,1.1295,0.6288,1.5389,0.3082,1.9641,1.8825,0.0189,-0.0264,-0.0227,1
COMP_0327,United Enterprises Inc,Technology,Q4_2023,0.088,-0.111,0.0212,0.8649,0.2784,1.0802,0.9828,2.6151,0.4557,0.0373,0.0268,-0.053,1
COMP_0328,Apex Holdings Holdings,Technology,Q4_2023,-0.0136,0.0065,-0.0503,1.0985,0.4123,1.4745,0.988,0.8029,3.0604,0.0433,0.0031,-0.1042,1
COMP_0329,United Tech Corp,Construction,Q4_2023,0.1203,0.0138,0.0621,1.3675,0.8171,1.6061,0.4381,1.9333,0.5787,-0.0299,0.0427,-0.0795,1
COMP_0330,Paramount Enterprises Group,Financial Services,Q4_2023,-0.038,-0.0235,0.0822,1.152,0.4415,0.5085,0.8667,5.0912,1.6794,-0.0719,-0.0117,-0.1302,1
COMP_0331,Pinnacle Solutions Ltd,Financial Services,Q4_2023,-0.1961,0.1891,0.0269,0.6468,0.2774,0.8678,0.6635,6.6061,0.8521,-0.02,0.0353,-0.1374,1
COMP_0332,Omega Components Co,Consumer Goods,Q4_2023,-0.0651,-0.094,-0.0333,0.838,0.8621,0.9153,0.2803,2.3152,2.5176,-0.0861,-0.0365,-0.1419,1
COMP_0333,Alpha Development International,Mining,Q4_2023,0.0176,0.0118,-0.0705,0.5742,0.5476,1.1377,0.6624,3.8019,2.0163,-0.0285,-0.0046,-0.0659,1
COMP_0334,Horizon Group Co,Mining,Q4_2023,0.0498,-0.07,0.1051,0.7612,0.9099,1.3543,0.4456,5.0791,2.2919,-0.0254,-0.0266,0.0122,1
COMP_0335,Nexus Tech Holdings,Construction,Q4_2023,0.0693,0.0612,-0.0736,0.8584,0.8475,1.7673,0.7622,2.5371,1.8627,0.0096,-0.018,-0.0276,1
COMP_0336,Atlantic Corp Ltd,Transportation,Q4_2023,-0.137,0.1235,0.0495,0.749,0.7077,1.3135,0.5719,4.2194,1.7757,-0.0345,-0.0072,0.0506,1
COMP_0337,Dynamic Components International,Consumer Goods,Q4_2023,-0.0464,0.1487,0.0761,1.0691,1.2159,1.5188,0.755,1.9631,1.5344,0.0299,0.026,-0.0111,1
COMP_0338,Atlantic Instruments Ltd,Technology,Q4_2023,0.0779,-0.1788,-0.0377,1.2607,0.6645,1.2834,0.7736,1.7981,1.9706,-0.0708,-0.0077,-0.1276,1
COMP_0339,Nexus Tech Co,Real Estate,Q4_2023,-0.0023,0.1282,0.0196,0.932,0.8144,0.8834,1.231,1.5668,2.0748,-0.0288,-0.0143,-0.2476,1
COMP_0340,Global Services Inc,Financial Services,Q4_2023,-0.0039,0.0321,0.0211,0.6606,0.7149,0.912,0.528,2.1961,0.7068,0.0303,-0.0664,0.0555,1
COMP_0341,Vertex Resources Inc,Utilities,Q4_2023,-0.0136,0.1244,0.0027,1.1523,0.4937,1.0747,0.5813,5.6317,2.4051,0.0213,0.0169,0.0232,1
COMP_0342,Titan Tech Co,Retail,Q4_2023,-0.0195,-0.1047,-0.0066,0.9538,1.7824,0.3357,0.3406,3.9134,0.3045,-0.0161,-0.0267,-0.1067,1
COMP_0343,Paramount Devices Ltd,Financial Services,Q4_2023,0.0912,0.128,0.0671,1.1048,1.1185,0.3984,0.4985,3.3974,0.6622,-0.0117,0.0026,0.1221,1
COMP_0344,Pinnacle Power Co,Construction,Q4_2023,0.1123,0.0103,-0.0498,0.7127,0.6867,1.6144,0.7269,3.251,1.9155,0.0076,-0.0178,-0.0439,1
COMP_0345,Global Instruments LLC,Telecommunications,Q4_2023,-0.0581,0.1852,-0.0479,1.2558,0.4215,1.5402,0.8761,3.1257,1.2236,-0.0257,-0.0164,-0.0326,1
COMP_0346,National Power Corp,Retail,Q4_2023,-0.0717,-0.0827,0.0825,1.3096,1.0042,1.1213,0.6497,3.0231,1.799,-0.0563,0.0313,0.085,1
COMP_0347,Omega Industries Holdings,Real Estate,Q4_2023,-0.047,0.1821,0.0741,0.6296,0.6968,0.3807,0.5872,2.3702,1.7629,-0.0465,-0.0405,-0.0622,1
COMP_0348,Prime Associates Co,Hospitality,Q4_2023,-0.1237,0.0745,-0.0071,0.6391,0.5047,1.0173,1.2009,3.2475,2.1851,-0.0441,-0.014,-0.0704,1
COMP_0349,Prime Services Co,Agriculture,Q4_2023,0.1098,-0.0022,0.0384,1.3903,0.7878,1.0031,0.7059,1.8612,1.6348,0.0237,0.0022,0.0398,1
COMP_0350,Sterling Instruments Group,Construction,Q4_2023,0.052,0.0394,-0.0123,1.302,1.2852,1.3825,0.9052,2.9225,0.5328,0.0105,-0.0232,-0.071,1
COMP_0351,Sterling Energy Ltd,Mining,Q4_2023,-0.0557,-0.0097,0.0022,0.5087,1.2306,0.8017,0.8351,1.8582,0.6643,-0.0195,-0.0023,0.0992,1
COMP_0352,Vertex Pharma Group,Construction,Q4_2023,0.1921,0.0827,-0.0145,1.0843,0.395,1.1654,0.5003,2.1403,1.0212,-0.0789,0.0383,-0.111,1
COMP_0353,Integrated Pharma Ltd,Utilities,Q4_2023,0.1489,-0.0296,0.0015,0.7675,0.5652,0.9489,0.5571,5.4376,3.0125,-0.0628,-0.0031,-0.1261,1
COMP_0354,Zenith Ventures LLC,Consumer Goods,Q4_2023,0.1495,0.0132,0.0173,1.046,1.0188,0.2146,0.2823,1.6382,1.9212,0.027,-0.0121,0.0306,1
COMP_0355,Quantum Networks Holdings,Technology,Q4_2023,0.0868,-0.0727,0.0113,0.8414,0.7154,1.0874,1.0833,2.3835,2.3153,-0.078,-0.0245,-0.0849,1
COMP_0356,Advanced Instruments Ltd,Utilities,Q4_2023,0.1325,-0.2617,0.0027,0.8238,0.0741,0.4529,0.8327,4.4171,1.5516,-0.0313,0.0218,0.1118,1
COMP_0357,Horizon Management LLC,Retail,Q4_2023,0.1415,0.0829,0.0824,1.1849,0.8651,1.1706,0.9326,2.5916,1.5861,0.0149,0.0335,-0.1312,1
COMP_0358,Premier Holdings LLC,Mining,Q4_2023,0.0751,0.0593,0.0205,0.7667,0.7894,0.8076,0.5522,3.8705,1.4754,-0.0538,-0.0308,-0.0495,1
COMP_0359,Vanguard Dynamics LLC,Financial Services,Q4_2023,0.0025,0.0671,0.0037,0.7486,0.3724,1.0462,0.5895,5.0756,2.319,0.0185,-0.0278,-0.147,1
COMP_0360,American Partners International,Hospitality,Q4_2023,-0.0921,-0.0658,0.0609,0.6596,0.8992,0.4369,0.9513,3.4785,0.3139,-0.0236,-0.0334,-0.0378,1
COMP_0361,Pinnacle Networks Ltd,Transportation,Q4_2023,-0.0867,-0.2162,-0.0239,0.8501,0.4862,1.0005,0.7812,1.971,2.5318,0.0061,-0.0378,0.0145,1
COMP_0362,Prime Group LLC,Financial Services,Q4_2023,-0.0364,-0.2527,-0.0017,0.7691,0.345,0.4734,1.1071,5.433,1.069,-0.0397,-0.0465,-0.0327,1
COMP_0363,Prime Ventures Co,Healthcare,Q4_2023,-0.0464,-0.0587,0.0573,0.5993,0.7677,0.7063,0.6827,2.2216,1.7529,0.0241,-0.0349,-0.1451,1
COMP_0364,Apex Enterprises International,Mining,Q4_2023,0.0705,0.1706,-0.0372,1.3928,0.7178,1.1593,0.4606,1.3265,2.9149,-0.0164,0.0306,-0.0402,1
COMP_0365,Pinnacle Associates Ltd,Utilities,Q4_2023,0.0235,-0.0747,0.0362,0.7054,0.4742,1.4193,0.5243,3.9413,2.3372,-0.0,-0.0114,0.0809,1
COMP_0366,National Power Group,Financial Services,Q4_2023,0.1517,0.0856,-0.0121,1.6832,0.5833,0.8184,0.8794,2.0018,1.9429,-0.0376,0.0428,-0.0522,1
COMP_0367,Zenith Systems Corp,Construction,Q4_2023,0.0146,0.0586,0.0841,1.0314,0.1623,1.7199,0.7124,2.616,1.8933,-0.0149,-0.0098,-0.1677,1
COMP_0368,Integrated Management International,Retail,Q4_2023,0.1643,-0.1177,0.0796,1.1833,1.4437,1.4121,0.1023,0.9681,1.9102,-0.0612,-0.07,-0.0509,1
COMP_0369,Atlantic Pharma International,Financial Services,Q4_2023,0.1258,0.1127,0.0379,1.5407,0.5976,1.0526,0.7048,8.5723,2.1212,-0.0458,-0.0262,-0.0277,1
COMP_0370,Advanced Power Holdings,Transportation,Q4_2023,0.0606,-0.185,-0.0072,1.1517,0.9528,0.9905,0.3761,1.3386,2.0109,-0.0511,0.0028,0.0279,1
COMP_0371,Pinnacle Med Corp,Telecommunications,Q4_2023,0.0369,0.0497,0.0774,1.2778,0.6606,1.6253,0.6943,3.3271,3.077,-0.063,-0.0544,-0.0632,1
COMP_0372,Integrated Digital Inc,Hospitality,Q4_2023,-0.1104,0.0985,0.0202,1.0334,1.4039,0.8877,0.6534,2.6827,1.2708,-0.0438,0.0265,-0.1981,1
COMP_0373,Global Med Ltd,Telecommunications,Q4_2023,-0.0808,-0.3189,-0.0485,1.0258,0.3028,0.7603,0.8181,6.283,1.5078,-0.055,-0.029,-0.1284,1
COMP_0374,Integrated Materials Co,Telecommunications,Q4_2023,0.0009,0.1893,0.0401,0.5559,0.9286,1.6562,0.616,3.4808,2.208,-0.0005,-0.0245,-0.0998,1
COMP_0375,Sterling Materials Co,Energy,Q4_2023,-0.009,0.0876,0.0325,0.8833,0.8903,1.2586,0.7345,5.1527,0.3363,-0.0377,-0.0163,-0.0422,1
COMP_0376,Pacific Group Ltd,Utilities,Q4_2023,-0.0404,-0.0513,-0.0467,0.8707,0.3912,1.5214,0.6067,3.6297,2.4486,0.0242,0.0138,0.0336,1
COMP_0377,Paramount Dynamics International,Manufacturing,Q4_2023,-0.1627,0.1516,0.0615,0.7298,1.057,0.7467,0.6184,2.2099,1.3199,-0.0286,-0.016,-0.0671,1
COMP_0378,Premier Consulting Inc,Telecommunications,Q4_2023,-0.027,-0.0447,-0.1236,1.4152,0.592,0.3979,0.5847,5.5506,2.9071,-0.0205,-0.0057,0.0505,1
COMP_0379,Global Pharma Corp,Agriculture,Q4_2023,-0.165,-0.0335,-0.0521,0.7269,0.4375,0.9412,0.3535,4.2559,1.181,-0.0242,-0.023,-0.0759,1
COMP_0380,Atlantic Devices LLC,Real Estate,Q4_2023,0.1402,-0.0774,0.0296,0.5411,0.3869,0.6765,1.1739,4.8661,1.6896,-0.0543,-0.0228,-0.2039,1
COMP_0381,Strategic Management Corp,Real Estate,Q4_2023,0.0254,0.0095,-0.0079,1.0125,0.7458,0.9451,0.8516,3.8168,2.0318,-0.0376,-0.0025,0.0797,1
COMP_0382,Omega Analytics Inc,Mining,Q4_2023,-0.0145,0.1563,-0.0307,0.8699,1.1243,1.2971,0.9565,4.8709,2.2383,-0.0499,0.0427,0.0158,1
COMP_0383,United Med International,Technology,Q4_2023,-0.0611,-0.0903,0.0212,0.5167,0.0899,0.8849,1.1439,1.4558,1.924,0.0138,-0.0063,-0.0596,1
COMP_0384,Vanguard Management International,Mining,Q4_2023,-0.0639,0.049,0.1204,0.1962,0.7462,0.9206,0.2037,1.98,1.2526,-0.0045,-0.0058,-0.1501,1
COMP_0385,Summit Analytics International,Financial Services,Q4_2023,0.017,0.0086,-0.009,1.401,0.6424,0.5566,0.743,6.7601,2.823,-0.0572,0.0373,0.1231,1
COMP_0386,Precision Tech Co,Energy,Q4_2023,0.1464,-0.0177,0.1031,1.1858,0.8181,0.8238,0.6289,1.3361,2.2095,-0.1358,-0.0256,0.0536,1
COMP_0387,Zenith Partners Corp,Manufacturing,Q4_2023,-0.0714,0.1316,0.0594,1.0704,1.0496,1.3204,0.72,1.7959,3.1326,0.0317,-0.0013,0.0328,1
COMP_0388,Paramount Services Inc,Utilities,Q4_2023,0.1533,0.1239,-0.0853,0.9803,0.285,0.3633,1.1345,4.2243,1.6562,-0.0624,-0.0465,-0.1943,1
COMP_0389,Global Services Co,Retail,Q4_2023,0.1352,0.2182,0.069,0.4572,1.0833,1.309,0.7924,0.9949,1.3112,-0.0678,-0.0076,-0.0813,1
COMP_0390,United Holdings Co,Healthcare,Q4_2023,0.0066,0.1081,0.067,1.1019,0.7073,1.0156,0.9698,2.9991,0.8931,0.0364,-0.0017,0.0045,1
COMP_0391,Zenith Group Inc,Hospitality,Q4_2023,0.049,0.0912,0.0407,0.7823,0.768,1.2326,1.0081,1.6304,2.7553,-0.0034,-0.005,-0.0323,1
COMP_0392,Sterling Associates LLC,Manufacturing,Q4_2023,-0.0994,-0.1663,-0.0724,1.0357,0.6363,1.5033,0.8498,2.4568,2.1069,-0.1069,-0.0118,0.0396,1
COMP_0393,Nexus Holdings Co,Construction,Q4_2023,0.1957,0.102,0.086,0.9352,0.5173,1.8012,0.5312,2.1509,0.1058,0.0282,-0.0166,-0.0471,1
COMP_0394,Summit Associates Holdings,Construction,Q4_2023,-0.1073,0.0561,-0.0268,0.6205,0.9482,1.205,0.7407,4.0451,0.1106,-0.0484,0.0283,-0.0615,1
COMP_0395,Advanced Power Corp,Mining,Q4_2023,0.0764,0.0018,-0.068,0.725,0.4272,0.921,0.7069,3.8413,1.899,-0.0126,0.0026,0.063,1
COMP_0396,Horizon Consulting Inc,Hospitality,Q4_2023,-0.1891,-0.2328,-0.0386,0.8053,1.2421,0.8201,0.4199,6.1036,0.5049,-0.0353,-0.0294,0.0599,1
COMP_0397,Prime Solutions International,Retail,Q4_2023,0.1384,-0.0467,-0.059,0.6752,1.2109,0.9572,0.6355,2.6926,1.7295,-0.0429,0.015,-0.0932,1
COMP_0398,American Power Holdings,Mining,Q4_2023,-0.0077,0.0781,0.0078,0.6027,0.2897,1.0023,0.4438,2.2887,1.6265,-0.0705,-0.0094,-0.014,1
COMP_0399,Dynamic Analytics Group,Construction,Q4_2023,0.0321,0.1502,-0.0709,0.4368,0.5725,1.125,0.5856,0.9647,1.6035,-0.0395,-0.0227,-0.053,1
COMP_0400,Pacific Components Inc,Technology,Q4_2023,-0.0262,0.1374,-0.0923,0.5093,0.7892,1.0844,0.5596,2.1941,1.9371,0.0392,-0.0182,-0.0912,1
COMP_0401,Strategic Digital Group,Construction,Q4_2023,0.1795,0.1679,0.0287,0.8489,0.9634,1.9419,0.4003,1.498,3.0981,0.0802,0.0228,0.1359,0
COMP_0402,Nexus Components Ltd,Hospitality,Q4_2023,0.1434,0.0852,0.0544,1.1603,1.5831,1.3827,0.9505,1.0527,3.2428,0.0053,0.0522,-0.0734,0
COMP_0403,Vanguard Bio Holdings,Agriculture,Q4_2023,-0.0409,0.0456,0.0729,1.4892,1.0649,0.7951,1.0331,1.0566,1.6577,0.0028,0.0174,0.0841,1
COMP_0404,Vertex Tech Group,Hospitality,Q4_2023,0.0855,0.2503,0.0028,1.5484,1.5579,0.7595,0.9485,2.7256,2.0702,0.0005,-0.0009,0.061,0
COMP_0405,United Tech Corp,Utilities,Q4_2023,0.1392,0.1467,0.0087,0.8627,0.7341,1.317,1.3202,0.7806,2.8401,0.0393,0.0228,0.048,1
COMP_0406,Titan Logistics LLC,Utilities,Q4_2023,-0.0821,0.1654,0.0589,1.5804,0.6562,1.376,1.0195,1.4818,2.7224,0.035,0.0032,0.0585,1
COMP_0407,Paramount Energy LLC,Construction,Q4_2023,0.0879,-0.0607,-0.0262,0.4046,0.4502,2.1356,0.9927,0.9864,0.6262,-0.011,0.0382,0.0702,1
COMP_0408,Precision Med Holdings,Agriculture,Q4_2023,0.0026,0.175,0.0858,1.6636,0.6999,1.0362,1.0606,0.6739,2.2633,0.0363,0.0055,0.0827,1
COMP_0409,Vertex Resources International,Transportation,Q4_2023,0.1405,0.2014,0.0355,0.9905,0.8177,1.3308,0.873,1.9551,3.0974,0.0069,-0.0108,0.0617,1
COMP_0410,Horizon Logistics Holdings,Technology,Q4_2023,0.2477,0.1067,-0.0223,1.2573,1.1595,1.5997,0.6311,1.2067,2.6922,0.0605,0.0047,0.0741,0
COMP_0411,Horizon Associates International,Technology,Q4_2023,0.1966,0.2813,-0.0452,0.7639,0.4343,1.8707,0.9704,0.9192,1.1394,0.0661,0.0105,-0.0876,0
COMP_0412,Prime Services Holdings,Healthcare,Q4_2023,0.0602,0.1357,0.016,0.9981,0.7046,1.1818,0.7207,1.0404,2.404,0.0544,-0.015,-0.0103,0
COMP_0413,Sterling Analytics Ltd,Real Estate,Q4_2023,0.1482,0.162,0.0498,1.2073,1.2803,1.0537,0.3379,2.7406,3.5569,-0.0053,0.0057,0.0406,1
COMP_0414,Vanguard Development Co,Healthcare,Q4_2023,0.0447,-0.0427,0.0068,1.7606,0.6343,1.8261,1.48,1.1726,2.322,0.0674,0.0561,0.0014,0
COMP_0415,Integrated Capital Group,Real Estate,Q4_2023,0.1988,-0.0109,0.0247,0.6311,0.6512,0.608,0.6572,2.5986,2.1842,-0.0152,0.0573,0.0639,1
COMP_0416,Vertex Digital Corp,Healthcare,Q4_2023,0.2206,0.3423,-0.0027,1.2541,0.9248,1.8881,0.795,0.9556,2.8053,0.0275,0.0515,-0.001,0
COMP_0417,Nova Dynamics Inc,Consumer Goods,Q4_2023,0.1147,0.0866,0.1243,1.8429,1.0611,1.3871,1.1276,1.0155,1.9658,0.0751,0.0205,0.0228,0
COMP_0418,National Logistics Corp,Manufacturing,Q4_2023,0.0781,0.2049,0.0065,1.9009,1.0631,1.6898,1.4106,1.8304,1.7468,0.0598,0.0667,-0.0818,1
COMP_0419,Dynamic Group Ltd,Financial Services,Q4_2023,0.1507,0.1814,0.1221,1.0402,0.873,1.4059,0.9369,2.0986,0.9411,-0.0055,0.0628,0.0433,1
COMP_0420,Advanced Components Inc,Transportation,Q4_2023,0.0868,0.0128,0.0542,1.1217,1.4558,1.4082,0.8992,2.6551,2.1822,0.0218,0.0796,0.0614,0
COMP_0421,Prime Logistics Holdings,Telecommunications,Q4_2023,0.1054,0.0859,0.0553,2.061,0.6415,1.8607,1.0069,2.0919,2.3506,0.0076,-0.0237,0.0513,1
COMP_0422,Nexus Tech Co,Telecommunications,Q4_2023,0.2297,0.1045,0.0792,1.6125,0.9338,1.556,0.9835,1.3559,0.4981,0.0241,0.015,-0.0597,1
COMP_0423,Innovative Digital International,Healthcare,Q4_2023,-0.0014,0.1367,0.0139,1.5247,0.6543,1.644,0.6742,1.5117,0.5242,0.0002,-0.0257,0.12,0
COMP_0424,Pinnacle Systems Co,Technology,Q4_2023,0.0243,0.1252,0.0489,2.2532,0.5463,1.3116,1.0838,0.8865,2.0878,0.0032,0.0261,0.0313,1
COMP_0425,Summit Pharma Co,Healthcare,Q4_2023,0.1729,0.1632,0.098,0.4055,0.8548,2.0081,1.2861,1.8045,1.8789,0.0492,0.0369,-0.0385,1
COMP_0426,Zenith Networks Ltd,Telecommunications,Q4_2023,0.0844,0.0769,0.1005,0.8179,0.9481,1.1052,0.9747,3.3056,2.0249,0.0253,0.0188,-0.0044,0
COMP_0427,Alpha Tech Group,Transportation,Q4_2023,-0.0083,0.0719,0.0664,1.4284,0.5226,0.6659,0.7276,1.8981,2.8172,0.0621,-0.0286,0.0786,1
COMP_0428,Advanced Med Group,Financial Services,Q4_2023,0.152,0.1541,0.0418,1.5208,0.781,1.0897,1.3843,2.6783,3.2036,0.0399,0.0011,0.1102,0
COMP_0429,Zenith Devices International,Financial Services,Q4_2023,0.2242,0.0419,0.0795,1.5972,0.8309,0.9919,1.0164,3.3089,3.2218,0.0844,0.0744,0.1174,0
COMP_0430,Dynamic Management Inc,Technology,Q4_2023,0.1518,0.2677,0.0528,1.322,0.9638,1.412,1.4052,1.1793,2.5465,0.0707,0.0292,0.0589,0
COMP_0431,Sterling Ventures Inc,Construction,Q4_2023,0.1185,0.1611,0.1066,1.2043,0.9312,1.7024,0.9089,1.4025,1.8757,0.018,0.0152,0.0319,0
COMP_0432,Premier Industries Corp,Real Estate,Q4_2023,0.0683,0.05,0.0354,1.5189,1.1069,0.585,0.7707,3.2305,0.9243,-0.0212,0.0421,0.025,1
COMP_0433,Global Instruments Corp,Mining,Q4_2023,-0.0598,0.3126,0.0285,1.2438,0.6612,0.9903,1.0464,2.4248,4.4436,0.0556,0.0285,0.0355,0
COMP_0434,Elite Dynamics Co,Financial Services,Q4_2023,0.0849,0.2218,0.0245,1.0459,0.7382,0.919,1.1088,3.2737,3.2465,0.0183,0.0263,-0.0755,0
COMP_0435,Dynamic Solutions Inc,Telecommunications,Q4_2023,0.1826,0.0124,0.0323,1.0989,0.9685,1.5854,0.9798,2.6787,2.2103,-0.0116,0.0034,-0.0074,1
COMP_0436,Elite Digital LLC,Technology,Q4_2023,0.1839,-0.001,0.0441,1.7903,0.4284,1.5631,0.3408,0.8996,4.395,0.0193,0.0461,0.0968,0
COMP_0437,Advanced Bio Inc,Utilities,Q4_2023,0.2687,0.1263,0.0643,1.4852,0.5536,1.8695,0.7882,2.8995,2.4124,-0.0135,-0.0079,-0.0643,0
COMP_0438,Zenith Power Group,Utilities,Q4_2023,-0.0087,0.1438,0.0648,2.0043,0.6246,1.5877,0.9783,1.2359,3.3795,0.0173,0.0568,-0.0027,1
COMP_0439,Titan Development Inc,Hospitality,Q4_2023,0.0076,0.098,0.0471,1.6558,1.0999,1.8415,0.6616,1.9754,1.8962,0.0322,0.054,0.0558,1
COMP_0440,Zenith Partners Co,Healthcare,Q4_2023,0.1091,0.0523,-0.0357,1.5151,1.1959,1.6118,0.9393,1.1753,4.209,0.0854,0.0278,0.12,0
COMP_0441,Dynamic Bio Inc,Financial Services,Q4_2023,0.1084,0.0653,0.0931,0.6978,1.3475,1.3841,1.0342,3.3261,1.8704,0.0476,0.0086,-0.103,1
COMP_0442,American International Corp,Real Estate,Q4_2023,0.0601,0.1988,-0.0023,1.3738,0.4192,0.8935,1.3115,1.5792,2.636,-0.0008,0.0195,-0.028,1
COMP_0443,Quantum Enterprises Corp,Technology,Q4_2023,0.0736,0.2455,0.0103,2.0415,0.757,1.2413,1.0242,1.1119,1.9665,0.0752,0.055,0.0244,1
COMP_0444,Strategic Networks Group,Financial Services,Q4_2023,0.0673,0.2932,-0.0423,1.1435,1.2572,1.3978,1.0175,1.6816,4.1663,0.0167,-0.0398,0.1631,1
COMP_0445,Elite Group International,Telecommunications,Q4_2023,0.1783,0.1295,0.0612,0.4318,1.1272,1.4009,0.7631,2.7668,2.8198,0.0531,0.002,0.0088,0
COMP_0446,Dynamic Associates Corp,Construction,Q4_2023,0.2082,0.2106,-0.0038,1.0358,0.9169,1.2923,1.0452,0.7782,2.6042,0.0529,0.0195,0.0469,1
COMP_0447,Titan Tech International,Healthcare,Q4_2023,-0.1016,0.2104,0.0533,1.2586,0.9784,0.8924,1.3082,1.4702,3.9108,-0.0279,0.0146,0.1591,0
COMP_0448,Integrated Tech Inc,Healthcare,Q4_2023,0.1549,0.1579,0.0941,0.9966,0.8964,1.4152,1.1742,2.6026,1.9339,-0.0503,0.0374,0.0721,0
COMP_0449,Pacific Bio Corp,Healthcare,Q4_2023,0.0283,0.0074,-0.0569,1.3744,1.321,1.9118,0.7837,0.9746,0.5323,0.0001,-0.008,0.1067,1
COMP_0450,Pacific Dynamics Corp,Technology,Q4_2023,0.247,0.0655,0.1105,0.4307,0.899,1.6827,1.6085,1.0531,3.5807,-0.0021,0.0215,0.0333,0
COMP_0451,Innovative Associates Holdings,Agriculture,Q4_2023,0.1536,0.006,0.0521,1.1761,0.26,1.2369,0.7889,1.972,3.7836,0.0267,-0.0344,0.1466,1
COMP_0452,Pacific Power Group,Technology,Q4_2023,0.0047,0.1708,0.0577,1.4805,0.4175,1.0004,0.661,1.2916,2.9632,0.0437,-0.0095,0.0492,0
COMP_0453,Dynamic Services Co,Construction,Q4_2023,0.0291,0.2506,0.0484,1.4141,1.1673,1.0346,0.8588,2.1342,1.1959,0.0333,0.0611,-0.0742,1
COMP_0454,Zenith Services LLC,Technology,Q4_2023,-0.01,0.2215,0.0278,1.1361,0.9144,1.0277,0.8601,0.4518,2.0466,0.0819,-0.0188,0.0497,1
COMP_0455,Global Tech Inc,Mining,Q4_2023,0.0292,0.235,0.1023,1.2982,1.1608,1.0291,1.305,2.9028,3.771,0.0377,-0.0108,0.0788,1
COMP_0456,National Development Corp,Mining,Q4_2023,0.1619,0.2332,0.0848,0.8157,1.1977,1.4968,0.6294,1.9923,3.8696,-0.0055,-0.0011,0.0826,0
COMP_0457,Nova Group Holdings,Agriculture,Q4_2023,0.1928,0.143,0.0074,1.7574,0.419,1.4372,1.1174,1.2093,2.1864,-0.0007,-0.0017,0.0924,1
COMP_0458,Vertex Networks Co,Hospitality,Q4_2023,0.0731,0.2121,-0.0111,1.5136,1.5161,0.8198,0.8367,3.0734,0.9027,0.0039,0.0168,0.0436,0
COMP_0459,Paramount Corp Ltd,Financial Services,Q4_2023,-0.0871,0.2548,0.0937,1.1359,0.679,1.0858,0.542,4.4289,1.4774,0.0466,0.0041,0.0816,1
COMP_0460,Elite Energy International,Energy,Q4_2023,0.1305,0.163,0.0332,1.6917,0.354,1.1817,0.7806,1.4265,2.388,-0.0103,0.0119,-0.0283,1
COMP_0461,Vanguard Digital LLC,Manufacturing,Q4_2023,0.0328,0.2885,0.0644,1.0646,1.0973,0.9488,1.3662,2.0208,4.0811,0.0561,0.0121,0.0987,0
COMP_0462,Advanced International LLC,Transportation,Q4_2023,0.0421,0.1398,0.0377,0.9992,0.8715,1.2728,1.3307,1.8012,3.9786,0.0036,0.024,-0.0333,0
COMP_0463,Titan International Co,Healthcare,Q4_2023,-0.0632,0.1177,-0.021,0.7156,1.1396,1.0686,0.7697,1.2268,1.7449,-0.0112,-0.028,-0.0296,1
COMP_0464,Paramount Dynamics International,Technology,Q4_2023,0.2114,0.1178,0.031,1.4655,0.6176,1.1107,1.0502,0.8513,2.3404,0.0555,0.0304,0.1553,0
COMP_0465,Premier Industries International,Financial Services,Q4_2023,0.1153,0.0102,0.0806,1.2582,0.9644,1.3563,0.9238,2.1467,2.5449,0.0096,-0.0507,0.0548,1
COMP_0466,Summit Partners International,Energy,Q4_2023,0.0388,0.2145,0.0634,1.4288,1.125,1.5097,0.7856,1.7713,3.0374,-0.0379,0.0345,0.0061,0
COMP_0467,Titan Med Group,Telecommunications,Q4_2023,0.1245,0.1366,0.0745,1.0864,0.7266,1.4734,1.3968,1.5262,2.5586,-0.0226,0.069,0.1037,1
COMP_0468,Atlantic Networks International,Manufacturing,Q4_2023,0.1099,0.1481,-0.0049,1.4853,1.3666,1.9088,0.8861,1.226,3.8351,-0.0032,0.025,-0.0298,1
COMP_0469,Precision Development LLC,Construction,Q4_2023,0.0156,0.326,0.092,0.9684,0.7411,2.0136,0.8262,2.1695,0.9928,0.0187,-0.0001,0.0593,1
COMP_0470,Pacific Bio Group,Real Estate,Q4_2023,0.0992,0.3166,-0.0002,0.5705,0.8404,0.8206,1.498,2.2661,2.8794,0.0321,0.0086,-0.0364,0
COMP_0471,Summit Med International,Consumer Goods,Q4_2023,0.1243,0.0204,0.039,1.6274,1.5994,1.0536,1.3315,1.5052,1.9261,0.0729,0.01,-0.0278,1
COMP_0472,United Corp Ltd,Mining,Q4_2023,0.0093,0.1416,-0.0896,0.8207,1.0014,1.6321,0.663,2.1107,0.5297,-0.0154,-0.003,0.0998,0
COMP_0473,Advanced Ventures LLC,Utilities,Q4_2023,0.1891,0.0634,0.034,1.5617,0.5038,1.7119,0.6642,2.7244,2.3213,-0.0246,-0.0057,0.0639,0
COMP_0474,Zenith Systems International,Utilities,Q4_2023,0.1432,-0.0326,0.0708,0.8929,0.7354,1.5138,0.9639,2.2687,3.6652,-0.004,0.0364,0.0756,1
COMP_0475,Pinnacle Corp Group,Construction,Q4_2023,0.1268,0.0517,-0.0713,1.5755,0.5125,2.0284,0.5676,1.1046,0.4403,0.0324,0.0053,0.0172,1
COMP_0476,Paramount Industries Inc,Healthcare,Q4_2023,0.0012,0.0068,0.0745,1.6709,0.3199,1.05,0.3696,2.0376,3.6849,0.0228,0.0542,0.0834,0
COMP_0477,United Bio International,Mining,Q4_2023,0.221,0.0473,0.1593,1.323,1.1936,1.7776,1.2082,3.053,3.2453,0.0429,0.0322,0.0623,1
COMP_0478,American Bio Group,Agriculture,Q4_2023,-0.017,0.189,0.0692,1.85,0.8114,1.0211,1.0694,1.4346,1.1047,-0.0273,0.0389,0.0279,0
COMP_0479,Pinnacle Associates Inc,Energy,Q4_2023,0.1526,0.022,0.1121,1.3161,1.0349,1.4038,0.8808,2.0084,3.0533,0.0197,0.0614,-0.0046,0
COMP_0480,Titan Power International,Real Estate,Q4_2023,0.1138,0.0957,0.0315,2.3012,0.8986,0.7631,0.5572,3.0153,2.6433,-0.0073,-0.0226,0.0373,0
COMP_0481,Quantum Energy Group,Real Estate,Q4_2023,0.1766,0.0396,0.0254,1.0202,1.035,1.3066,0.9178,2.0307,2.3627,0.0494,0.0271,0.0243,0
COMP_0482,Integrated International Group,Real Estate,Q4_2023,0.0916,0.1601,0.0672,1.6441,0.8843,0.7813,1.5034,0.7736,3.3107,0.0159,0.0275,0.0439,1
COMP_0483,Titan Associates Ltd,Mining,Q4_2023,-0.0027,0.1022,0.0358,1.6243,0.9472,1.5653,0.4963,1.1647,3.8867,-0.0056,0.0258,0.0037,1
COMP_0484,Pinnacle Dynamics Holdings,Energy,Q4_2023,-0.1067,0.0797,0.0919,0.9664,0.4231,1.6586,0.3135,2.2591,2.9556,0.0122,0.0225,0.0382,0
COMP_0485,Summit Med LLC,Healthcare,Q4_2023,0.2582,0.1769,0.0056,1.5921,0.9098,1.687,1.1365,1.1993,2.1947,-0.0656,0.0196,0.0799,1
COMP_0486,Innovative Capital Inc,Mining,Q4_2023,0.1041,0.2681,0.0148,1.6633,1.1973,1.215,0.9276,1.4227,2.6456,0.0783,0.0039,0.0708,1
COMP_0487,American Dynamics Group,Financial Services,Q4_2023,-0.0369,0.0667,-0.0064,0.9952,0.303,0.7531,1.1089,3.0778,2.2649,-0.0197,0.0652,0.1897,1
COMP_0488,National Partners Group,Agriculture,Q4_2023,0.1559,0.038,0.0047,0.7681,0.8346,1.6957,1.1394,0.8435,2.8573,0.0383,0.0309,-0.042,1
COMP_0489,Zenith Logistics Corp,Manufacturing,Q4_2023,-0.0224,0.0882,0.0334,0.647,1.3393,1.6026,1.0045,1.8693,3.0955,0.0682,-0.008,0.0232,0
COMP_0490,Titan Med Co,Energy,Q4_2023,0.1036,0.114,-0.0143,1.7158,1.2537,1.4005,0.9917,1.981,2.6961,0.0357,0.009,0.091,0
COMP_0491,Advanced Capital Inc,Mining,Q4_2023,0.2009,0.1314,0.0642,1.7925,0.7238,1.8604,1.1882,1.4582,2.1087,-0.0191,0.0262,0.0297,0
COMP_0492,Strategic Associates Inc,Healthcare,Q4_2023,-0.0477,0.2916,0.1032,1.5559,0.9847,1.827,0.4853,1.7309,4.123,-0.0211,-0.0056,0.1433,1
COMP_0493,National Materials Corp,Energy,Q4_2023,0.1024,0.0897,0.0913,1.6678,0.7914,0.779,0.7565,1.1215,2.3974,0.0373,0.0326,0.0719,0
COMP_0494,Global Systems Ltd,Transportation,Q4_2023,0.0608,-0.0425,0.0987,0.7825,0.8376,1.0249,0.6586,1.0266,2.0694,0.029,0.0266,0.09,1
COMP_0495,Advanced Devices Inc,Utilities,Q4_2023,0.1621,0.1447,0.0529,1.7546,0.738,1.4867,1.0196,2.3736,2.0369,-0.0072,0.028,0.0594,0
COMP_0496,Vanguard Dynamics Holdings,Utilities,Q4_2023,0.1478,0.2497,0.0158,1.8029,0.6612,0.876,1.0151,2.7679,3.1491,0.0012,-0.0143,-0.0793,0
COMP_0497,Elite Industries Corp,Technology,Q4_2023,-0.0914,0.0273,0.1054,1.1012,0.7833,1.9254,1.4155,0.6657,2.851,0.063,0.0003,0.0718,0
COMP_0498,Prime Holdings Ltd,Construction,Q4_2023,0.0655,0.1247,0.1184,1.4162,0.5939,1.6749,0.9634,1.568,2.2855,0.0289,0.0216,0.0216,1
COMP_0499,Quantum Solutions Ltd,Consumer Goods,Q4_2023,-0.0863,0.2479,0.0649,1.5634,0.6613,1.7282,1.5282,0.9172,2.9843,0.0074,0.0094,0.0524,0
COMP_0500,Precision Systems LLC,Consumer Goods,Q4_2023,0.1457,0.1723,-0.0201,1.3993,1.8813,0.8224,0.9017,1.4144,1.8979,0.0265,0.006,-0.0399,1
