company_id,company_name,industry,working_capital_to_total_assets,retained_earnings_to_total_assets,ebit_to_total_assets,market_value_equity_to_total_liabilities,sales_to_total_assets,current_ratio,quick_ratio,debt_to_equity,interest_coverage,net_profit_margin,return_on_assets,return_on_equity,is_bankrupt,years_to_bankruptcy
COMP_00168,Prime Ltd,Retail,0.1816,0.4278,0.1175,3.3301,0.8784,2.4751,1.2709,0.3752,13.8772,0.0778,0.1299,0.1822,0,
COMP_00132,Advanced Enterprises,Energy,0.3211,0.4588,0.0825,1.2871,0.8284,2.7839,2.068,0.956,5.7834,0.1282,0.1392,0.1994,0,
COMP_00450,Alpha Partners,Energy,-0.0286,0.0454,-0.0791,0.6123,0.8208,0.8665,0.5088,4.8602,-0.7227,-0.0993,-0.0829,0.0035,1,5.0
COMP_00302,Universal Corp,Mining,0.0749,0.2095,0.0494,0.9044,0.9341,1.8451,1.3255,1.8502,3.8547,0.0021,0.0175,0.1248,0,
COMP_00483,International Partners,Agriculture,-0.1949,0.0638,-0.0596,0.8377,0.8996,0.5691,0.2311,6.3143,1.8963,0.0015,-0.0645,-0.0217,1,2.0
COMP_00107,Global Ventures,Retail,0.334,0.2119,0.1221,1.3148,1.0905,3.4733,1.9346,0.8987,10.4179,0.1905,0.1339,0.102,0,
COMP_00072,Dynamic Group,Consumer Goods,0.163,0.4694,0.0808,1.5721,0.8439,2.4441,1.7743,0.3789,12.3063,0.1407,0.1287,0.1882,0,
COMP_00006,Global Solutions,Manufacturing,0.2166,0.2814,0.1743,2.0703,1.1371,2.5854,1.4384,1.2626,3.8946,0.2474,0.1658,0.1397,0,
COMP_00186,International Ltd,Real Estate,0.3111,0.3622,0.0645,1.7257,0.8149,2.4375,1.5125,1.018,6.5669,0.11,0.1615,0.1096,0,
COMP_00204,National Corp,Construction,0.2157,0.3021,0.1312,1.4624,1.4645,2.5834,2.079,1.3004,8.2853,0.1105,0.0889,0.1389,0,
COMP_00309,Pioneer Corporation,Telecommunications,0.1923,0.1836,0.0947,1.1186,0.9669,1.6785,0.8846,3.1962,4.8151,0.0685,0.0591,0.0055,0,
COMP_00498,Summit International,Utilities,-0.0548,0.059,0.0362,0.1787,0.8619,1.0604,0.6538,4.0046,1.4154,-0.013,-0.1008,0.0333,1,4.0
COMP_00139,Central Systems,Utilities,0.2661,0.2917,0.1095,2.3416,1.5207,2.5314,2.1966,0.8964,14.9059,0.2203,0.0813,0.2861,0,
COMP_00146,Advanced Group,Transportation,0.3483,0.4201,0.1654,1.0331,1.2994,2.4627,1.2502,0.6118,12.1235,0.0774,0.1303,0.143,0,
COMP_00028,Quantum Services,Manufacturing,0.3865,0.4214,0.1332,2.8352,1.3035,1.9955,1.2819,1.2094,3.1727,0.0732,0.0569,0.1081,0,
COMP_00040,Nova Innovations,Manufacturing,0.1671,0.489,0.0518,3.9096,0.8518,3.2823,2.334,1.4916,3.8856,0.1608,0.1954,0.2046,0,
COMP_00192,Dynamic Technologies,Technology,0.1621,0.355,0.0508,1.023,1.0629,1.5734,0.8547,0.7066,12.631,0.1644,0.1269,0.1587,0,
COMP_00415,Apex Inc,Manufacturing,0.1914,0.1354,0.058,1.8775,0.915,1.7073,0.8551,2.3935,1.9321,0.0006,0.0001,-0.0421,0,
COMP_00263,Pinnacle Corporation,Manufacturing,0.1807,0.3105,0.1843,2.9994,1.7449,2.4087,1.8116,0.5981,11.4655,0.1355,0.1164,0.2299,0,
COMP_00291,Pinnacle Logistics,Healthcare,0.1461,0.3718,0.0916,3.7639,1.4998,2.6857,1.7241,0.3624,3.3809,0.1347,0.0627,0.2214,0,
COMP_00479,Prime Group,Construction,-0.0114,-0.1936,-0.0941,0.51,0.8346,0.8556,0.5416,7.9581,-0.5092,-0.0478,-0.0354,0.043,1,3.0
COMP_00342,Summit Holdings,Retail,0.0957,0.2358,0.0466,1.3584,0.6082,1.0816,0.5445,1.5557,3.7098,0.0226,0.0439,-0.0151,0,
COMP_00488,Strategic Holdings,Transportation,0.0621,-0.2054,-0.0683,0.7624,0.492,0.8048,0.2938,7.7987,1.5547,-0.01,-0.0808,-0.0332,1,4.0
COMP_00252,United Partners,Energy,0.192,0.3059,0.1432,2.0021,1.6792,2.3091,1.2177,1.2405,6.4291,0.1366,0.1528,0.1665,0,
COMP_00438,Horizon Group,Consumer Goods,0.0152,-0.0672,0.0197,0.8779,0.5741,0.7801,0.3545,7.8335,1.0915,-0.1817,-0.0033,-0.1318,1,4.0
COMP_00269,Apex Services,Financial Services,0.1496,0.2006,0.1578,3.1972,1.4179,1.8227,0.9723,0.323,4.989,0.2282,0.0862,0.1709,0,
COMP_00259,Stellar Enterprises,Retail,0.3931,0.2306,0.0512,2.3007,0.9112,2.9968,2.5947,0.8208,6.1045,0.1369,0.1585,0.1018,0,
COMP_00173,Stellar Ltd,Manufacturing,0.1156,0.4359,0.0802,1.7759,0.9976,2.1604,1.7342,0.9233,5.4586,0.2256,0.1819,0.2741,0,
COMP_00497,Titan Ltd,Real Estate,0.037,-0.0535,-0.0933,0.6603,0.4854,0.695,0.4225,7.0547,0.2011,0.0084,-0.0809,-0.0299,1,4.0
COMP_00383,Global International,Utilities,0.1383,0.2431,0.0515,0.9569,1.003,1.7293,1.0895,1.9136,3.2656,0.0112,0.0342,0.079,0,
COMP_00141,Elite Innovations,Manufacturing,0.2038,0.4927,0.1461,3.4674,0.959,3.224,2.802,0.8845,10.275,0.203,0.0762,0.2005,0,
COMP_00440,Strategic Corporation,Agriculture,0.0574,-0.178,-0.0711,0.2162,0.4787,1.024,0.5004,4.1374,-0.5014,-0.1268,0.0098,-0.1799,1,3.0
COMP_00351,Metropolitan International,Real Estate,0.17,0.0892,0.03,1.9562,0.6648,1.4785,0.9377,2.5827,1.8011,-0.0143,0.0084,0.0671,0,
COMP_00012,International Holdings,Utilities,0.136,0.3013,0.1914,1.9696,1.4225,2.906,1.8757,1.4661,14.5494,0.1004,0.1246,0.1602,0,
COMP_00243,Century Logistics,Utilities,0.2568,0.2164,0.196,1.6784,1.165,2.1079,1.2482,0.3018,11.7521,0.2434,0.0836,0.2326,0,
COMP_00163,Pinnacle Enterprises,Manufacturing,0.3366,0.3552,0.116,1.4424,1.1938,2.368,1.2679,0.5647,10.1787,0.1971,0.1998,0.2866,0,
COMP_00355,Elite Ltd,Manufacturing,0.1169,0.2439,0.0502,0.8744,0.8036,1.5059,0.6999,2.8162,4.9921,0.0252,0.0284,0.0301,0,
COMP_00324,Omega Systems,Agriculture,0.0336,0.2259,0.0646,1.0777,0.9015,1.7315,1.3562,1.9409,4.6016,0.0734,0.0733,0.0771,0,
COMP_00036,National Industries,Manufacturing,0.3375,0.4369,0.0637,2.4833,0.8691,2.5991,1.7586,1.3652,7.211,0.0734,0.0714,0.2523,0,
COMP_00220,Universal Logistics,Financial Services,0.2481,0.3163,0.1449,3.1116,0.8052,1.8339,1.44,1.0997,14.5926,0.2022,0.1926,0.2405,0,
COMP_00460,Titan Dynamics,Healthcare,-0.1226,-0.1144,-0.08,0.935,0.8206,0.9661,0.3309,6.8794,1.4239,-0.0311,-0.1306,-0.0746,1,4.0
COMP_00457,Nova Services,Technology,-0.1817,-0.0194,-0.0985,0.4683,0.4976,0.9547,0.579,4.5205,1.4349,-0.1353,-0.0741,-0.0455,1,1.0
COMP_00250,Stellar Innovations,Technology,0.3155,0.4588,0.0769,3.4,1.4632,2.2931,1.2674,1.3384,4.8873,0.112,0.0935,0.2743,0,
COMP_00416,Central Partners,Energy,0.1955,0.0985,0.0731,1.8069,0.9304,1.1531,0.7971,2.7005,4.0594,0.057,0.078,0.0647,0,
COMP_00499,Century Industries,Transportation,-0.185,-0.24,-0.0194,0.6182,0.6871,0.4136,0.2829,3.2229,-0.5708,-0.1969,-0.0536,0.0263,1,1.0
COMP_00470,Apex Enterprises,Technology,-0.0361,-0.2635,0.0135,0.6242,0.412,0.5506,0.2058,3.285,0.7634,-0.0151,-0.147,-0.2828,1,1.0
COMP_00237,Elite Solutions,Real Estate,0.1356,0.2867,0.1097,3.7586,1.9919,1.5898,1.2789,0.7461,7.7095,0.2009,0.1878,0.2902,0,
COMP_00374,National Co,Real Estate,0.0837,0.1216,0.0675,1.4907,0.6969,1.4717,0.9145,2.6406,2.2354,0.0542,0.002,0.021,0,
COMP_00446,Century Ltd,Financial Services,0.0432,0.0793,-0.0863,0.2453,0.8764,0.83,0.2537,4.2882,0.3498,-0.0476,-0.0254,0.0484,1,2.0
COMP_00403,Pioneer Co,Financial Services,0.1089,0.082,0.0753,1.0011,0.7862,1.5033,1.0803,2.9789,3.7594,-0.0044,0.0438,-0.0325,0,
COMP_00034,Century Inc,Manufacturing,0.3575,0.3287,0.1626,3.2636,0.9237,3.3051,2.3205,1.2917,6.8406,0.2291,0.1084,0.1022,0,
COMP_00467,Atlantic Partners,Utilities,-0.1802,0.089,-0.046,0.5301,0.5132,0.946,0.5344,6.5766,-0.1956,-0.1306,-0.1287,-0.0706,1,4.0
COMP_00122,Pioneer Innovations,Entertainment,0.3607,0.3712,0.0546,3.7928,1.6274,2.853,1.6726,1.0907,7.7264,0.1802,0.066,0.2316,0,
COMP_00109,Omega Inc,Consumer Goods,0.1502,0.2314,0.1455,3.1194,0.8379,3.3724,1.7563,0.9496,11.5087,0.2242,0.1571,0.2603,0,
COMP_00453,Strategic Innovations,Manufacturing,-0.0666,-0.0694,0.0475,0.3174,0.7088,0.9728,0.5282,3.4429,1.0306,-0.1859,-0.0487,-0.0411,1,4.0
COMP_00106,Premier Holdings,Telecommunications,0.1807,0.4393,0.0966,2.3657,0.8139,1.6449,1.0807,0.8759,10.2002,0.1083,0.1542,0.272,0,
COMP_00089,Nova International,Manufacturing,0.3302,0.3206,0.122,2.8825,1.8484,3.4682,2.7999,0.8013,8.0563,0.1975,0.0858,0.1221,0,
COMP_00329,United Ltd,Financial Services,0.0834,0.082,0.0337,1.3018,1.0544,1.898,0.8231,2.2862,1.8509,-0.0183,0.0529,0.0705,1,5.0
COMP_00266,United Corporation,Utilities,0.1331,0.2868,0.0965,1.7499,1.418,2.5711,1.6526,0.7245,12.9427,0.2079,0.0962,0.2828,0,
COMP_00459,Quantum Industries,Telecommunications,-0.0262,0.0556,-0.0146,0.6686,0.6112,0.4409,0.1733,5.46,-0.0693,-0.16,-0.0643,-0.187,1,1.0
COMP_00031,Century Holdings,Transportation,0.2165,0.393,0.1187,2.6369,1.9298,2.2722,2.0097,1.3864,5.3495,0.0639,0.0651,0.1036,0,
COMP_00321,Strategic Logistics,Healthcare,0.1063,0.0565,0.058,1.2893,0.6967,1.6564,1.306,2.6244,4.0016,-0.0132,0.0334,-0.0267,0,
COMP_00068,Premier Enterprises,Entertainment,0.2272,0.4209,0.1902,3.7767,1.341,1.7265,1.5434,1.3067,4.496,0.2342,0.1805,0.2038,0,
COMP_00004,Strategic Inc,Healthcare,0.1914,0.2293,0.1526,2.3205,0.9464,2.4904,1.2794,1.3912,6.1054,0.1825,0.0968,0.204,0,
COMP_00069,Nova Solutions,Healthcare,0.2774,0.3197,0.0582,2.0056,1.7634,1.5093,0.956,0.7778,9.4487,0.234,0.102,0.1694,0,
COMP_00255,Apex Manufacturing,Construction,0.2193,0.2793,0.0808,2.4491,1.1222,2.0749,1.5825,1.4622,10.2436,0.0654,0.0613,0.2903,0,
COMP_00408,Pacific Corp,Healthcare,0.022,0.2267,0.0474,1.6206,0.6152,1.69,0.8897,1.6115,3.6343,0.0041,0.0309,-0.0339,0,
COMP_00326,Premier Dynamics,Energy,0.0863,0.1258,0.0932,1.1014,1.1065,1.484,0.8988,2.1169,3.5056,0.0125,0.0031,0.0044,0,
COMP_00202,Alpha Corporation,Agriculture,0.2457,0.2083,0.1258,3.8921,1.261,1.578,0.8085,0.7656,4.9203,0.0547,0.1634,0.1917,0,
COMP_00386,Universal Innovations,Real Estate,0.1714,0.2029,0.0317,1.6284,1.167,1.6825,0.8962,2.5012,3.76,0.0311,0.0096,0.0124,0,
COMP_00193,Apex International,Real Estate,0.3795,0.3191,0.0631,2.8512,0.9366,2.1904,1.5398,1.3491,8.9226,0.1905,0.1989,0.1263,0,
COMP_00038,Vanguard Ventures,Retail,0.3438,0.4842,0.1979,3.2601,1.2515,1.667,1.3517,0.9701,8.0907,0.2313,0.0667,0.1985,0,
COMP_00129,Strategic Solutions,Transportation,0.1543,0.4043,0.0772,2.5755,1.6509,1.7138,1.2458,0.6079,14.5551,0.1467,0.1709,0.21,0,
COMP_00155,Continental Group,Entertainment,0.3661,0.3937,0.0929,3.4478,1.8336,3.193,2.7702,0.6027,12.0605,0.1421,0.1763,0.2457,0,
COMP_00285,United Dynamics,Technology,0.1724,0.2121,0.1117,1.3902,0.8269,2.2209,1.8067,0.9794,6.7533,0.1809,0.0848,0.1029,0,
COMP_00480,Apex Technologies,Retail,0.0957,-0.0253,-0.0635,0.8187,0.3642,1.0246,0.6804,4.9142,0.8919,-0.1054,-0.0756,-0.1914,1,4.0
COMP_00203,Apex Corporation,Agriculture,0.1868,0.47,0.0674,3.8678,1.1768,3.2768,2.4287,1.292,14.8082,0.1077,0.1942,0.1779,0,
COMP_00375,Universal Group,Real Estate,0.156,0.1628,0.0409,1.6339,0.9404,1.7962,1.2466,2.7202,3.2086,-0.0067,0.0209,0.0338,0,
COMP_00130,Elite Corp,Retail,0.113,0.3899,0.1927,2.8048,1.783,3.2684,1.9324,0.5545,10.3318,0.1322,0.176,0.28,0,
COMP_00466,United Industries,Utilities,-0.188,-0.1551,0.024,0.7313,0.5756,0.4441,0.2091,5.3451,1.7857,-0.059,-0.097,-0.1161,1,2.0
COMP_00322,Century Solutions,Mining,0.1226,0.2377,0.0729,0.8922,0.8128,1.5507,0.8704,3.1673,4.3513,0.0412,0.0299,0.0011,0,
COMP_00381,Stellar Co,Technology,0.144,0.1074,0.0904,0.8591,0.7386,1.8974,0.9534,1.9413,1.9834,0.0659,0.04,0.085,1,5.0
COMP_00272,Strategic Technologies,Real Estate,0.2817,0.2352,0.1006,1.4285,1.6305,1.9125,1.256,1.3748,5.4518,0.1516,0.1129,0.1036,0,
COMP_00274,Alpha Innovations,Financial Services,0.353,0.3455,0.1,3.3747,1.3416,1.8669,1.5719,1.3591,8.5957,0.0651,0.1082,0.2607,0,
COMP_00404,Continental Co,Mining,0.0755,0.1327,0.0232,1.1288,1.1734,1.9536,1.0568,1.5862,2.1268,0.0192,0.0758,-0.0218,1,3.0
COMP_00058,Alpha Technologies,Utilities,0.3788,0.367,0.1357,1.8399,1.7234,1.8741,1.1797,0.8105,9.0913,0.0985,0.0672,0.2221,0,
COMP_00064,Titan Corp,Entertainment,0.286,0.36,0.1841,3.3658,0.982,2.1234,1.2728,1.1927,3.4024,0.164,0.1644,0.2754,0,
COMP_00049,Universal Systems,Financial Services,0.1441,0.478,0.1238,1.7747,1.351,3.4601,2.4118,0.6945,10.6008,0.098,0.0614,0.1258,0,
COMP_00046,Central Ltd,Telecommunications,0.3862,0.3819,0.0843,3.0151,1.5418,2.2163,1.2088,1.1059,9.2437,0.2045,0.128,0.2704,0,
COMP_00426,Omega Co,Construction,-0.0653,-0.069,-0.0144,0.3992,0.4893,0.4853,0.2168,3.4975,1.2998,0.0126,0.0149,0.0028,1,1.0
COMP_00347,Horizon Inc,Energy,0.1424,0.1213,0.0404,0.8155,0.9242,1.8512,1.4495,2.6315,3.3006,-0.0115,0.0439,0.026,0,
COMP_00491,Advanced Systems,Real Estate,-0.1387,-0.0493,-0.0462,0.9961,0.5881,0.7887,0.4151,7.5838,1.4025,-0.1008,-0.0278,-0.0948,1,1.0
COMP_00390,Elite Services,Energy,0.1342,0.1894,0.049,1.8551,1.0352,1.1126,0.6265,3.2728,1.6652,0.0761,0.0543,0.0763,0,
COMP_00053,Summit Inc,Mining,0.2855,0.3107,0.1194,3.2424,0.844,2.0049,1.5745,1.3742,9.1401,0.1564,0.0661,0.1895,0,
COMP_00448,Premier Technologies,Healthcare,-0.0454,0.0961,-0.0083,0.4339,0.7633,0.5364,0.2434,4.7348,0.2954,-0.028,-0.0677,-0.0221,1,1.0
COMP_00339,Quantum Group,Healthcare,0.1637,0.058,0.0912,1.9904,0.7764,1.2103,0.8547,2.0061,4.5295,-0.0097,0.0101,0.1458,0,
COMP_00001,Century Systems,Technology,0.2124,0.4852,0.1598,2.796,0.9872,1.812,0.9481,1.3394,10.2134,0.1916,0.0531,0.294,0,
COMP_00398,Pinnacle Solutions,Consumer Goods,0.1077,0.2484,0.0886,0.9168,1.0238,1.3456,0.542,2.307,2.3216,0.0619,0.027,0.1155,0,
COMP_00435,Global Group,Mining,0.0609,-0.2277,0.0422,0.2969,0.4957,1.005,0.4598,6.0411,0.3337,-0.0367,-0.1112,-0.2795,1,5.0
COMP_00120,Premier Co,Healthcare,0.2917,0.4604,0.1182,2.5468,1.3866,2.8337,1.5752,0.336,6.6952,0.1909,0.0803,0.2347,0,
COMP_00189,United Holdings,Consumer Goods,0.2552,0.3291,0.0975,2.3038,1.7287,2.7038,2.3172,0.8321,10.2851,0.1763,0.1388,0.2405,0,
COMP_00017,Universal Services,Real Estate,0.3701,0.3899,0.1009,2.0476,1.6711,3.2942,2.816,1.2359,10.7044,0.0668,0.0742,0.2797,0,
COMP_00427,Strategic International,Real Estate,-0.0198,-0.0197,-0.0572,0.6677,0.5734,0.7856,0.4738,4.4096,-0.0459,0.0034,-0.1404,-0.13,1,5.0
COMP_00045,Summit Ltd,Telecommunications,0.1169,0.4594,0.1719,3.9992,1.996,2.6109,2.1085,1.4337,13.1958,0.0995,0.1176,0.1258,0,
COMP_00185,Pinnacle Partners,Telecommunications,0.1877,0.4732,0.1631,3.4147,0.8216,3.4256,2.7085,0.6657,12.9527,0.1063,0.1809,0.1225,0,
COMP_00020,Stellar Solutions,Transportation,0.3676,0.3893,0.1692,2.5079,1.4923,2.485,1.4366,1.1669,6.3693,0.0549,0.1468,0.1354,0,
COMP_00199,Alpha Corp,Transportation,0.1919,0.4367,0.117,3.3951,1.7869,3.2151,2.7864,0.8172,6.8264,0.1664,0.1057,0.2202,0,
COMP_00367,Pioneer Dynamics,Construction,0.1291,0.0591,0.0957,1.8106,0.778,1.0772,0.5041,1.7539,1.9315,0.0319,0.0197,0.0216,0,
COMP_00464,Atlantic Ltd,Retail,-0.1662,-0.0056,-0.0587,0.6752,0.5046,1.1981,0.4857,4.3957,1.792,-0.1946,-0.0316,-0.0461,1,4.0
COMP_00190,Advanced Dynamics,Transportation,0.1712,0.3537,0.0656,2.1535,1.3852,2.8044,2.4685,1.0208,11.9231,0.1513,0.1451,0.1142,0,
COMP_00423,Atlantic Group,Agriculture,0.1474,0.0573,0.058,1.2036,1.1523,1.012,0.6286,2.9813,3.1976,-0.0115,0.0778,0.0536,0,
COMP_00360,Pioneer Systems,Utilities,0.1657,0.2067,0.0422,1.9291,0.6746,1.8751,1.4783,1.8543,4.0272,-0.016,0.0324,0.0533,1,6.0
COMP_00348,Strategic Group,Technology,0.1214,0.1277,0.0392,0.914,0.789,1.0966,0.5163,3.4747,3.0544,0.0332,0.0699,0.1491,0,
COMP_00362,Apex Co,Technology,0.088,0.1788,0.0505,0.8655,0.9597,1.9024,1.0526,1.9327,3.049,-0.0152,0.0656,0.1153,0,
COMP_00092,Strategic Manufacturing,Energy,0.2823,0.3538,0.0846,1.5296,1.0646,1.8729,1.5205,0.7202,3.6941,0.2438,0.1826,0.2856,0,
COMP_00388,Pioneer Solutions,Telecommunications,0.141,0.1984,0.0742,1.1028,1.1238,1.1689,0.4926,2.9349,3.1642,0.0649,0.0307,-0.0163,0,
COMP_00334,Pinnacle Dynamics,Technology,0.0669,0.1289,0.0624,0.9936,0.9432,1.8054,1.2711,1.8078,2.0224,0.0068,0.0289,0.0317,0,
COMP_00475,Metropolitan Ventures,Agriculture,-0.156,-0.0416,-0.0651,0.2411,0.7101,0.8749,0.5267,4.5473,0.3439,-0.1108,0.0173,-0.1977,1,4.0
COMP_00083,Nova Enterprises,Technology,0.3185,0.3486,0.1533,2.3045,1.0957,3.1382,2.5726,1.1336,6.2657,0.168,0.1041,0.1183,0,
COMP_00350,Dynamic Ventures,Construction,0.1387,0.1901,0.0803,1.8474,0.9,1.7302,1.1206,1.8733,1.5899,0.0085,0.0354,0.0734,0,
COMP_00205,Century Enterprises,Retail,0.1173,0.3027,0.0905,3.8993,1.4693,2.1946,1.6068,0.467,8.3285,0.1752,0.1233,0.1804,0,
COMP_00341,Central Services,Transportation,0.1385,0.0967,0.07,1.6965,0.7312,1.0599,0.4795,2.712,4.4731,-0.0155,0.0587,0.0183,0,
COMP_00489,Pioneer Group,Utilities,-0.1568,-0.2966,-0.097,0.6279,0.5732,0.8144,0.2468,5.1134,1.1542,-0.1026,-0.0255,-0.2184,1,2.0
COMP_00238,Atlantic Enterprises,Healthcare,0.2731,0.3071,0.1681,1.753,1.4769,2.2172,1.6909,0.5885,5.2991,0.2336,0.0653,0.2012,0,
COMP_00359,Global Holdings,Retail,0.0287,0.0803,0.0546,1.5148,0.6484,1.9396,1.3617,2.6732,4.3995,-0.012,0.0381,0.076,1,6.0
COMP_00476,Global Dynamics,Real Estate,-0.1116,-0.1582,-0.0153,0.3271,0.8492,0.6125,0.4033,3.5174,0.9697,-0.0005,-0.1213,0.0389,1,5.0
COMP_00402,Atlantic Solutions,Transportation,0.0026,0.1524,0.0816,1.9218,1.1455,1.8196,1.3743,1.8984,2.4946,0.0089,0.0302,0.0287,0,
COMP_00280,Alpha Dynamics,Mining,0.1941,0.2725,0.0822,2.2746,1.8894,2.5141,1.446,0.3924,11.3539,0.1266,0.1733,0.2319,0,
COMP_00396,Quantum Corp,Healthcare,0.1437,0.0721,0.0228,1.9932,0.7396,1.0538,0.5016,1.5779,2.8713,0.0602,0.0273,0.0388,0,
COMP_00003,Apex Group,Utilities,0.2368,0.4356,0.08,2.5427,1.5109,1.5929,1.1836,0.5046,3.7806,0.2398,0.1948,0.2617,0,
COMP_00011,Summit Technologies,Agriculture,0.3422,0.4688,0.0977,1.3302,1.0735,2.3542,1.9474,1.3329,3.0834,0.1521,0.1126,0.1444,0,
COMP_00160,Prime Systems,Telecommunications,0.1981,0.2447,0.0958,3.63,1.9956,2.2366,1.5197,1.1665,13.6343,0.1686,0.1087,0.1825,0,
COMP_00417,Nova Logistics,Construction,0.0683,0.1797,0.0255,1.8769,0.6716,1.3278,0.9644,2.6946,2.8777,0.0273,0.0684,0.018,0,
COMP_00070,Continental International,Mining,0.3213,0.3357,0.0837,2.3573,0.969,1.8528,1.2957,0.8027,13.9782,0.1225,0.1371,0.2265,0,
COMP_00037,Metropolitan Industries,Agriculture,0.2855,0.2303,0.0626,3.1029,0.8873,3.1437,2.46,0.3976,4.0181,0.2473,0.1061,0.1741,0,
COMP_00276,Pacific Industries,Financial Services,0.23,0.4992,0.1339,1.9635,1.0641,2.201,1.4285,0.3825,7.4349,0.1428,0.1584,0.2313,0,
COMP_00456,Pioneer Logistics,Manufacturing,0.04,-0.2033,-0.0898,0.3852,0.4601,0.8047,0.4918,7.2916,1.5346,-0.1209,-0.0332,-0.1905,1,2.0
COMP_00366,Titan Innovations,Telecommunications,0.0124,0.0642,0.0659,1.4792,1.1268,1.5579,1.2212,1.5974,1.843,-0.0156,0.0148,0.0583,0,
COMP_00013,Omega Innovations,Retail,0.1855,0.2111,0.1414,2.508,0.8618,2.0573,1.7761,0.5875,4.7387,0.1479,0.1978,0.1484,0,
COMP_00169,Premier Systems,Real Estate,0.2042,0.47,0.0533,2.9914,1.9561,2.6203,2.2921,0.3627,8.0255,0.102,0.1596,0.2963,0,
COMP_00098,Omega Holdings,Retail,0.1482,0.4454,0.1748,2.5224,0.8077,2.0741,1.5489,1.4774,10.5818,0.102,0.1451,0.208,0,
COMP_00392,Elite Holdings,Real Estate,0.0688,0.1541,0.0553,1.8559,0.9033,1.5078,0.6866,3.4655,2.3749,-0.0127,0.0531,0.0691,1,3.0
COMP_00007,Apex Corp,Real Estate,0.1017,0.4446,0.156,3.187,1.7255,1.6481,1.0604,0.439,13.3572,0.1747,0.0996,0.1127,0,
COMP_00376,Continental Technologies,Healthcare,0.1199,0.1527,0.0431,0.8078,0.8977,1.2856,0.892,1.5479,3.5469,0.0741,0.014,0.0443,0,
COMP_00102,Premier Inc,Mining,0.1491,0.4384,0.1541,1.6623,0.8989,2.861,2.1795,0.6279,14.4104,0.0802,0.1149,0.2887,0,
COMP_00295,Nova Technologies,Agriculture,0.3903,0.3319,0.0918,3.3949,1.1915,2.0988,1.2446,0.4556,6.0776,0.1211,0.1511,0.1125,0,
COMP_00002,Continental Corporation,Manufacturing,0.3497,0.2637,0.0773,1.5502,1.1651,2.5495,1.7153,0.6495,10.3422,0.0779,0.0938,0.1733,0,
COMP_00054,Global Systems,Consumer Goods,0.2598,0.2727,0.0904,2.1319,0.8241,2.1442,1.2534,0.693,4.4371,0.2281,0.139,0.2358,0,
COMP_00478,International Dynamics,Real Estate,-0.1609,-0.0426,-0.0704,0.1878,0.4001,1.139,0.716,4.7703,0.9675,-0.0818,-0.0349,-0.0611,1,2.0
COMP_00029,Pacific Corporation,Utilities,0.3566,0.4111,0.1211,1.2935,1.3899,2.4469,1.393,0.8206,7.7821,0.1732,0.1453,0.1091,0,
COMP_00114,Vanguard Industries,Technology,0.3702,0.3265,0.0915,2.7771,1.8948,1.9213,1.4394,1.0579,11.7974,0.0763,0.1574,0.2818,0,
COMP_00314,Metropolitan Ltd,Real Estate,0.0369,0.1184,0.0544,1.7971,0.6719,1.7349,1.0628,2.0759,3.2249,0.01,0.0477,0.0368,0,
COMP_00207,Vanguard Inc,Healthcare,0.3728,0.4166,0.13,3.6099,0.9568,3.081,1.6943,1.2531,6.3092,0.2254,0.1916,0.1298,0,
COMP_00399,Pioneer Ventures,Construction,0.0001,0.1116,0.0393,1.0803,0.6409,1.1871,0.7387,2.0827,2.9609,0.0177,0.0701,0.1311,0,
COMP_00050,International Manufacturing,Real Estate,0.1384,0.2456,0.0708,2.9226,1.0183,2.1913,1.8817,0.8688,11.0107,0.0845,0.0788,0.1082,0,
COMP_00231,Quantum Holdings,Real Estate,0.1442,0.2024,0.1446,2.343,0.9611,3.4159,2.4316,0.5903,9.0072,0.1859,0.0614,0.1549,0,
COMP_00384,Metropolitan Services,Healthcare,0.149,0.0964,0.0524,1.123,0.7192,1.7834,1.362,2.2405,4.1295,0.0697,0.0677,-0.0134,0,
COMP_00213,National Ventures,Mining,0.1266,0.3463,0.0616,2.2226,1.2885,1.632,1.0437,0.4332,12.6988,0.2395,0.0608,0.291,0,
COMP_00024,Apex Dynamics,Healthcare,0.3395,0.395,0.1553,3.3874,1.868,2.176,1.4149,0.4128,9.9394,0.0572,0.1198,0.2085,0,
COMP_00136,Pacific Inc,Retail,0.2396,0.218,0.1343,3.8729,1.0104,2.88,1.6715,0.943,4.1601,0.1401,0.1634,0.1695,0,
COMP_00462,Pioneer Industries,Technology,0.0075,0.018,-0.0755,0.1939,0.3873,1.1017,0.5633,5.3363,-0.6799,-0.0571,-0.0024,-0.0101,1,1.0
COMP_00286,Atlantic Logistics,Healthcare,0.3293,0.3871,0.1643,1.1168,1.8045,2.7391,1.9868,1.0495,13.3732,0.1674,0.1371,0.2981,0,
COMP_00482,Quantum Manufacturing,Utilities,-0.1229,-0.0122,-0.0958,0.4378,0.6761,0.5169,0.3252,4.1752,0.9568,-0.1109,-0.0487,-0.2624,1,5.0
COMP_00061,Strategic Dynamics,Mining,0.3815,0.2544,0.06,3.2234,1.4894,3.1837,1.7698,1.2543,5.4195,0.0827,0.0746,0.2629,0,
COMP_00042,Central Logistics,Financial Services,0.1832,0.2564,0.1196,2.0601,1.5004,1.6555,1.473,1.4835,11.3779,0.1572,0.0964,0.2628,0,
COMP_00258,International Technologies,Healthcare,0.3103,0.404,0.1112,1.0462,1.4995,2.0062,1.3644,1.4491,7.7884,0.218,0.0783,0.2345,0,
COMP_00073,United Inc,Financial Services,0.2202,0.3679,0.0733,1.5458,1.8341,3.3922,2.2027,0.6249,10.728,0.1317,0.0538,0.1312,0,
COMP_00066,United Technologies,Healthcare,0.3082,0.3628,0.0878,2.0371,1.0179,3.3169,2.4325,0.781,8.5441,0.2395,0.073,0.2172,0,
COMP_00182,Continental Holdings,Real Estate,0.1525,0.4567,0.0841,3.5111,1.1351,2.7858,2.1664,0.9152,6.6637,0.0925,0.055,0.1608,0,
COMP_00071,Advanced Inc,Agriculture,0.1039,0.3991,0.0767,3.8832,0.9784,2.3292,1.2441,1.4962,9.0263,0.1691,0.0601,0.25,0,
COMP_00328,Prime Holdings,Financial Services,0.1981,0.0552,0.0683,1.5914,1.0128,1.1204,0.8688,1.8624,3.6796,0.0023,0.0246,0.0593,1,6.0
COMP_00472,Vanguard Dynamics,Consumer Goods,-0.1382,-0.159,-0.0811,0.2169,0.7057,1.0869,0.7446,6.1417,-0.4477,-0.1768,-0.0118,-0.0974,1,1.0
COMP_00316,Quantum Innovations,Transportation,0.0799,0.1154,0.0209,1.7919,1.0806,1.1045,0.6966,2.428,1.9155,0.0781,0.0172,-0.0366,0,
COMP_00394,National Ltd,Construction,0.1192,0.2491,0.0548,1.9048,0.807,1.0547,0.5081,2.3374,2.2687,-0.02,0.0732,0.1188,0,
COMP_00380,Summit Logistics,Consumer Goods,0.1338,0.2097,0.0946,0.8242,0.6923,1.8862,1.1004,2.6292,3.8206,0.0479,0.0745,0.1494,0,
COMP_00166,Advanced Corporation,Energy,0.1558,0.4408,0.1187,2.4489,0.9602,1.6612,1.3143,0.8958,8.2422,0.1959,0.1648,0.1318,0,
COMP_00257,United International,Construction,0.1939,0.2813,0.1397,3.5983,1.9361,1.7118,0.9619,1.4337,11.8384,0.2266,0.0804,0.2175,0,
COMP_00372,Dynamic International,Manufacturing,0.1665,0.2108,0.0893,0.8715,1.0152,1.14,0.6456,2.5972,2.9096,0.032,0.0797,-0.023,0,
COMP_00076,Titan Partners,Utilities,0.1624,0.208,0.0772,2.7491,1.3057,3.2853,2.7169,0.7102,6.1131,0.1259,0.1385,0.1536,0,
COMP_00224,Central Ventures,Retail,0.2103,0.2174,0.0667,2.5476,1.1211,3.171,1.6041,0.7549,7.0481,0.0539,0.0687,0.1827,0,
COMP_00365,Dynamic Solutions,Financial Services,0.0327,0.0869,0.0362,1.264,0.6307,1.3978,0.8452,2.4666,2.8397,0.0639,0.0116,0.0511,1,7.0
COMP_00304,Horizon International,Consumer Goods,0.1841,0.058,0.0433,1.049,0.7429,1.9084,1.1207,2.4326,4.162,-0.0046,0.039,0.036,0,
COMP_00039,Advanced Partners,Entertainment,0.1034,0.3406,0.0584,1.3565,0.941,2.7984,2.2343,1.0,14.5461,0.125,0.0929,0.2737,0,
COMP_00254,Pioneer Partners,Healthcare,0.2296,0.4941,0.0601,2.5561,1.0152,3.4414,1.8766,0.7843,11.8546,0.1909,0.1134,0.1693,0,
COMP_00418,Metropolitan Partners,Agriculture,0.1739,0.0676,0.0821,1.8171,0.7091,1.4303,0.6668,2.9132,3.3737,0.0435,0.0157,-0.0077,0,
COMP_00447,Metropolitan Systems,Transportation,-0.1137,-0.0847,-0.02,0.4651,0.4015,1.182,0.758,5.4917,0.8097,-0.15,-0.0576,-0.0568,1,2.0
COMP_00310,United Enterprises,Construction,0.0563,0.2427,0.0208,1.6593,1.0237,1.6227,1.2917,2.1238,2.6899,-0.0121,0.0354,0.0022,0,
COMP_00377,Vanguard Holdings,Energy,0.0183,0.1751,0.064,1.2888,0.9128,1.8966,0.9075,1.5451,4.5158,0.0377,0.0713,0.0694,0,
COMP_00128,Alpha Co,Real Estate,0.2458,0.277,0.0927,1.9219,1.7636,2.5783,1.6102,1.0324,11.5938,0.1045,0.112,0.1244,0,
COMP_00085,Premier Innovations,Healthcare,0.1749,0.3468,0.0832,3.963,1.9329,1.5789,1.235,1.4103,5.1669,0.1636,0.1873,0.1068,0,
COMP_00317,Nova Ventures,Manufacturing,0.119,0.1978,0.0226,1.5905,0.9194,1.1033,0.5174,2.6359,2.5373,0.0738,0.0655,0.1467,0,
COMP_00371,International Group,Transportation,0.1749,0.2161,0.038,1.2792,0.8458,1.9782,0.9344,3.0983,2.6697,0.0531,0.0336,0.0657,1,7.0
COMP_00289,Prime Dynamics,Real Estate,0.2501,0.4073,0.1546,2.9459,1.1303,1.8124,1.3672,1.0192,5.1523,0.191,0.1183,0.2336,0,
COMP_00332,Quantum Ltd,Retail,0.055,0.1919,0.0417,1.8851,0.8248,1.5499,0.6513,2.3522,4.4133,0.0606,0.0179,-0.0048,0,
COMP_00023,Advanced Industries,Consumer Goods,0.3632,0.4222,0.1546,3.1075,1.2314,2.0872,1.7193,1.2721,13.4049,0.2326,0.1267,0.2003,0,
COMP_00373,Quantum Systems,Agriculture,0.1351,0.1292,0.0306,0.9905,1.1696,1.8796,1.4338,3.4831,2.2291,0.0155,0.0535,0.0468,1,4.0
COMP_00027,Alpha Services,Financial Services,0.1076,0.4888,0.1754,3.0879,1.2907,1.8466,1.0388,0.6003,9.5907,0.1929,0.149,0.156,0,
COMP_00336,Horizon Services,Manufacturing,0.0823,0.0981,0.0738,1.7913,1.0039,1.8244,1.0194,1.8126,4.0828,0.016,0.0537,0.0041,0,
COMP_00225,Summit Solutions,Construction,0.2479,0.3213,0.1296,2.7854,0.8119,2.4282,2.1499,0.9228,11.1305,0.1124,0.1661,0.2546,0,
COMP_00405,Nova Group,Entertainment,0.1527,0.0717,0.0985,1.2579,1.0651,1.3426,0.8741,1.884,2.0111,0.0738,0.0734,0.1275,0,
COMP_00221,Premier Corporation,Telecommunications,0.1894,0.2316,0.1673,2.9324,0.8578,2.2201,1.9597,0.9005,8.1927,0.1415,0.0813,0.1737,0,
COMP_00429,Elite Industries,Agriculture,-0.019,-0.2681,0.0025,0.9393,0.6454,0.5009,0.2668,6.8317,0.2192,-0.0064,-0.0397,0.0147,1,2.0
COMP_00148,Omega Group,Technology,0.145,0.2974,0.1606,2.4281,1.2511,2.289,1.5651,1.242,13.705,0.2411,0.168,0.1631,0,
COMP_00330,Pacific Technologies,Entertainment,0.0326,0.0968,0.0219,1.8019,1.1848,1.1355,0.5593,3.2368,4.7426,0.022,0.004,-0.0421,0,
COMP_00067,Quantum Dynamics,Manufacturing,0.2518,0.3834,0.0527,3.6164,1.9185,2.6303,2.0481,1.407,11.4869,0.0805,0.1364,0.2213,0,
COMP_00019,Alpha Inc,Healthcare,0.1976,0.4239,0.1474,3.5477,1.5891,2.6366,1.4171,0.7413,6.1824,0.0988,0.196,0.1786,0,
COMP_00379,Dynamic Holdings,Agriculture,0.0853,0.1731,0.0265,0.9053,0.7031,1.5181,0.7372,2.0666,2.9011,0.0612,0.0011,0.0799,0,
COMP_00059,Central Corporation,Transportation,0.1866,0.3744,0.0732,2.4434,1.4391,1.6036,1.0177,0.4613,3.7605,0.248,0.0984,0.262,0,
COMP_00485,United Solutions,Entertainment,-0.0111,-0.1335,-0.075,0.9876,0.7925,0.6252,0.2051,3.2831,-0.6389,-0.0722,0.0079,-0.1261,1,5.0
COMP_00140,Summit Dynamics,Real Estate,0.1349,0.4452,0.1071,3.6339,1.8417,3.1119,2.5393,0.6656,3.971,0.1306,0.076,0.239,0,
COMP_00288,Pacific Partners,Telecommunications,0.3943,0.3949,0.1707,3.1453,1.5118,1.6067,1.0956,1.1097,11.1304,0.1246,0.1913,0.1335,0,
COMP_00239,Universal Co,Agriculture,0.1663,0.2117,0.0554,1.5257,1.8401,2.065,1.8175,0.9979,8.2394,0.166,0.1275,0.2518,0,
COMP_00354,Century Co,Technology,0.0114,0.2033,0.0762,1.1976,1.0054,1.3959,0.9806,2.4084,2.943,0.0735,0.0201,-0.0259,1,5.0
COMP_00287,Pacific Enterprises,Entertainment,0.327,0.3327,0.1561,2.1677,1.0747,2.6937,2.347,1.415,7.1029,0.1555,0.0817,0.2991,0,
COMP_00091,Omega Partners,Healthcare,0.3359,0.2268,0.1126,3.6374,1.9337,2.4348,1.8148,0.5004,14.894,0.0963,0.1914,0.2299,0,
COMP_00183,Nova Dynamics,Telecommunications,0.2959,0.4815,0.1807,3.2982,1.7461,2.83,1.7096,1.3886,11.0488,0.1621,0.0666,0.1894,0,
COMP_00337,Horizon Corporation,Consumer Goods,0.0162,0.2485,0.0325,1.9861,1.1864,1.7938,1.1907,2.6556,4.5314,0.0089,0.0374,0.0739,0,
COMP_00187,Century Innovations,Construction,0.3709,0.4557,0.1502,2.7797,1.8708,1.8707,0.9944,0.5874,12.5349,0.0569,0.1374,0.2991,0,
COMP_00284,Titan Solutions,Financial Services,0.3476,0.4535,0.0874,2.7301,0.8807,1.6898,1.5201,0.692,11.9782,0.2113,0.1787,0.2995,0,
COMP_00145,Atlantic Manufacturing,Transportation,0.3442,0.3846,0.0959,2.8717,1.4324,2.3522,1.2991,1.3639,8.3974,0.0889,0.1052,0.1828,0,
COMP_00200,Horizon Innovations,Agriculture,0.3117,0.4065,0.1062,1.5006,1.3166,1.7852,1.5282,0.7151,4.8535,0.0551,0.1469,0.2274,0,
COMP_00101,Universal Inc,Healthcare,0.3275,0.2074,0.0533,1.9708,1.3864,3.0408,2.3515,0.8351,6.2835,0.2494,0.1139,0.1903,0,
COMP_00461,Titan Services,Agriculture,0.0503,-0.0691,-0.003,0.5125,0.6172,0.4275,0.2375,3.4072,0.305,-0.1356,-0.0573,-0.2533,1,2.0
COMP_00123,Summit Partners,Consumer Goods,0.3998,0.2145,0.1966,2.2207,1.8449,3.0648,2.2275,1.1861,13.5422,0.1308,0.0991,0.2335,0,
COMP_00090,International International,Agriculture,0.2064,0.2862,0.0944,1.7008,0.8505,1.5357,1.3746,0.8133,7.6119,0.1859,0.0827,0.29,0,
COMP_00315,United Group,Construction,0.0329,0.0733,0.0637,1.8829,0.8064,1.733,1.1498,3.3631,4.3734,0.0367,0.0526,0.1297,0,
COMP_00201,Alpha Holdings,Utilities,0.2022,0.2215,0.1114,1.9337,1.6125,2.7116,1.7512,0.5615,14.8564,0.1408,0.1532,0.1281,0,
COMP_00424,Titan Co,Transportation,0.1228,0.0973,0.0587,1.315,0.6449,1.1062,0.813,1.9796,2.1824,0.0305,0.0615,-0.0376,0,
COMP_00033,Alpha Ventures,Retail,0.3205,0.441,0.0923,1.5323,1.7007,3.1137,2.7905,0.7951,7.4642,0.2053,0.1011,0.2862,0,
COMP_00455,Alpha International,Entertainment,-0.0366,-0.2497,-0.0565,0.3149,0.4281,0.7289,0.4239,4.0873,0.1,-0.114,0.016,0.0341,1,3.0
COMP_00032,Continental Enterprises,Financial Services,0.1283,0.4049,0.0607,1.9569,1.8139,1.5465,1.2771,0.6382,4.418,0.1893,0.1443,0.2755,0,
COMP_00303,Alpha Manufacturing,Technology,0.0499,0.1026,0.0201,1.8448,1.0756,1.6273,1.1393,1.8041,3.1041,0.0151,0.0075,0.0472,1,5.0
COMP_00335,Metropolitan Dynamics,Agriculture,0.1359,0.0613,0.0228,1.2703,1.0183,1.1934,0.7836,2.0197,4.6013,0.0696,0.0238,-0.004,0,
COMP_00159,Omega Enterprises,Retail,0.2848,0.2564,0.1033,3.3514,1.4651,1.5105,1.215,0.3424,11.9488,0.0905,0.1937,0.1736,0,
COMP_00016,Stellar Systems,Energy,0.2023,0.234,0.1887,3.632,1.1095,2.82,2.3318,0.9662,9.3558,0.0984,0.064,0.2794,0,
COMP_00431,Summit Systems,Agriculture,-0.015,-0.2839,-0.0511,0.5217,0.3888,1.1877,0.4557,3.6518,-0.3894,-0.0308,-0.0777,-0.1021,1,3.0
COMP_00079,Central Corp,Construction,0.1055,0.4743,0.0677,2.7295,1.1289,2.6084,1.9838,1.2957,5.4771,0.0522,0.0705,0.28,0,
COMP_00149,Pinnacle Services,Entertainment,0.3064,0.3313,0.0882,3.5226,0.8461,3.3035,2.2616,1.0646,10.9122,0.229,0.1455,0.2228,0,
COMP_00278,Horizon Co,Agriculture,0.3346,0.4255,0.1705,2.554,0.9684,2.8423,2.1266,1.1907,5.0386,0.089,0.1836,0.25,0,
COMP_00421,Advanced Services,Manufacturing,0.1524,0.1683,0.0354,1.6,0.974,1.6025,0.9549,2.5573,2.6705,0.0319,0.0158,0.111,1,3.0
COMP_00301,Premier Logistics,Healthcare,0.0282,0.1642,0.0348,1.1344,0.7312,1.1828,0.8638,2.0714,4.7449,0.077,0.0457,-0.0214,0,
COMP_00153,National Inc,Entertainment,0.2932,0.3591,0.0563,3.9055,1.7585,2.0856,1.8604,1.0223,9.9891,0.1996,0.1718,0.2313,0,
COMP_00041,Century International,Telecommunications,0.2888,0.4087,0.1182,2.8827,1.5012,3.3023,1.7112,0.6372,14.4049,0.2281,0.1183,0.224,0,
COMP_00217,Dynamic Co,Transportation,0.2658,0.3561,0.0714,3.326,1.1257,2.4934,1.5302,0.4606,10.5547,0.0609,0.1623,0.1635,0,
COMP_00277,Dynamic Ltd,Retail,0.3126,0.2025,0.0827,2.9851,1.3808,1.5106,1.2414,1.2274,9.581,0.0633,0.165,0.2167,0,
COMP_00060,National Holdings,Transportation,0.1764,0.4045,0.164,2.7869,1.3659,2.3237,1.4861,1.4154,12.9674,0.243,0.0686,0.2462,0,
COMP_00393,Prime International,Construction,0.083,0.1344,0.0828,1.0349,1.0922,1.6487,0.9358,2.4161,2.3983,0.0552,0.041,0.0142,0,
COMP_00229,United Systems,Real Estate,0.3974,0.3633,0.1944,1.2268,1.2388,1.9508,1.1282,0.469,10.469,0.2063,0.1367,0.1294,0,
COMP_00400,Alpha Ltd,Consumer Goods,0.0986,0.116,0.0285,1.9441,0.6361,1.2977,0.6738,2.1408,2.075,0.0583,0.0098,0.077,1,7.0
COMP_00111,Elite Dynamics,Manufacturing,0.1741,0.2479,0.1808,1.6576,1.971,2.1738,1.2453,1.2476,10.9045,0.1496,0.1333,0.2438,0,
COMP_00358,Dynamic Inc,Retail,0.1105,0.169,0.0898,1.4924,0.8073,1.803,1.1109,1.6586,3.4805,0.0708,0.0317,0.0093,0,
COMP_00267,Nova Corp,Real Estate,0.3858,0.298,0.1032,2.5169,1.9293,3.2526,1.7598,0.7713,9.6405,0.1506,0.0791,0.2718,0,
COMP_00275,Advanced Ltd,Consumer Goods,0.3705,0.261,0.06,3.6321,1.2673,2.5835,2.2922,0.3799,10.7798,0.0648,0.1063,0.2608,0,
COMP_00115,Pioneer Corp,Financial Services,0.1539,0.2713,0.1957,1.5429,1.8253,2.4846,1.488,1.3449,8.3437,0.153,0.1039,0.2186,0,
COMP_00293,Pioneer Inc,Construction,0.3692,0.3868,0.196,2.395,1.8169,1.6248,1.0303,0.3804,14.7041,0.2134,0.1779,0.2876,0,
COMP_00170,Omega Services,Utilities,0.177,0.3963,0.0797,2.696,1.3567,3.444,2.5603,0.7194,4.3691,0.0802,0.0838,0.1502,0,
COMP_00385,Continental Industries,Telecommunications,0.1913,0.1253,0.0471,0.8749,0.8917,1.109,0.5539,2.1339,4.3309,0.0675,0.0242,0.1217,1,3.0
COMP_00074,Summit Corp,Mining,0.3148,0.3977,0.0541,1.6659,1.0773,2.8438,1.4443,0.4249,12.599,0.0857,0.1479,0.1476,0,
COMP_00227,Elite Technologies,Real Estate,0.2044,0.3115,0.0502,1.8994,1.5758,3.4484,2.8926,0.3283,13.7827,0.2066,0.1671,0.1916,0,
COMP_00208,Apex Ventures,Utilities,0.2388,0.4943,0.1225,3.5906,1.5065,2.2507,1.3826,0.5439,12.1416,0.1273,0.1267,0.1985,0,
COMP_00075,Horizon Manufacturing,Manufacturing,0.1298,0.273,0.1583,3.5671,1.7963,2.2944,1.7603,0.546,6.5178,0.2293,0.052,0.1171,0,
COMP_00104,Omega International,Construction,0.3593,0.342,0.1952,1.5566,1.8423,3.0532,2.4681,1.3137,12.1323,0.1752,0.0697,0.1065,0,
COMP_00119,Apex Ltd,Real Estate,0.1118,0.2366,0.1178,3.8016,1.1794,2.5145,1.299,0.478,14.8396,0.243,0.0507,0.2904,0,
COMP_00265,Elite Partners,Utilities,0.3293,0.3229,0.1483,1.7807,0.9914,1.8209,0.9618,0.5228,10.9706,0.2263,0.1721,0.237,0,
COMP_00395,Dynamic Logistics,Healthcare,0.1485,0.0836,0.0296,0.8811,1.0344,1.9288,1.1037,1.7383,3.2934,0.0149,0.03,0.0743,0,
COMP_00210,Metropolitan Manufacturing,Telecommunications,0.3541,0.4679,0.0594,3.6504,1.338,2.5209,1.8923,1.4117,3.2294,0.1454,0.1532,0.2445,0,
COMP_00116,Premier Corp,Healthcare,0.1491,0.3173,0.1954,1.7744,1.5881,2.1504,1.7405,0.457,14.6379,0.1408,0.0854,0.1147,0,
COMP_00481,Quantum Co,Manufacturing,0.0286,0.0745,0.0411,0.2573,0.8248,0.9899,0.3971,3.3364,-0.196,0.0007,-0.0424,-0.0476,1,2.0
COMP_00428,Prime Solutions,Transportation,0.0738,-0.0559,-0.018,0.3248,0.506,1.0816,0.5664,5.5737,-0.7013,-0.1965,0.0138,-0.1681,1,3.0
COMP_00449,International Ventures,Retail,-0.0271,-0.1632,0.0215,0.3145,0.4346,0.8036,0.3249,3.0454,0.9449,-0.0876,-0.0743,0.0384,1,4.0
COMP_00164,Global Partners,Telecommunications,0.2928,0.3264,0.1454,3.357,0.942,2.3198,1.9392,0.7606,9.8625,0.1676,0.0777,0.1724,0,
COMP_00184,Titan Technologies,Retail,0.2381,0.4594,0.132,2.1412,1.9722,1.7214,1.1517,0.3504,11.8788,0.2336,0.092,0.2717,0,
COMP_00126,Pacific Dynamics,Construction,0.2557,0.3438,0.0538,2.0237,1.2562,2.2976,1.682,0.9403,10.2949,0.203,0.1719,0.2436,0,
COMP_00198,Alpha Group,Agriculture,0.2732,0.2131,0.0685,2.6759,1.2118,2.9583,2.2511,1.3147,11.3099,0.136,0.1509,0.1551,0,
COMP_00445,Central Solutions,Healthcare,-0.0681,-0.0958,-0.0612,0.3848,0.3522,0.6426,0.4412,7.7235,0.0046,-0.0744,0.0046,-0.2978,1,3.0
COMP_00222,Vanguard Partners,Construction,0.2109,0.2157,0.1651,2.2495,1.7866,3.2007,1.8718,1.0888,8.6674,0.226,0.0824,0.2356,0,
COMP_00084,Apex Solutions,Entertainment,0.3752,0.241,0.1925,2.338,1.0222,2.5838,2.1941,1.1787,12.6787,0.1818,0.1538,0.2698,0,
COMP_00473,National Solutions,Consumer Goods,-0.0145,0.0126,0.0055,0.851,0.3337,0.998,0.6391,4.4307,0.9213,-0.1309,0.0129,-0.2883,1,5.0
COMP_00420,Titan Systems,Utilities,0.1452,0.0743,0.0442,1.439,0.9386,1.6006,0.7467,2.2595,3.6602,0.077,0.0582,0.1345,0,
COMP_00196,National Manufacturing,Manufacturing,0.3254,0.2213,0.062,2.0643,1.9301,2.8371,2.1888,0.7343,10.1239,0.052,0.1454,0.2827,0,
COMP_00212,Stellar International,Technology,0.1884,0.2043,0.1607,3.5024,1.6886,1.7857,1.431,1.2227,10.9025,0.2032,0.1769,0.2227,0,
COMP_00312,Summit Manufacturing,Energy,0.0893,0.1503,0.0397,1.3652,0.9971,1.7512,1.2285,2.6558,4.6653,0.0617,0.0606,-0.0389,0,
COMP_00331,Central Dynamics,Consumer Goods,0.1148,0.1286,0.0223,1.4999,0.6068,1.7874,0.934,1.5805,3.5592,0.0198,0.0779,0.0588,0,
COMP_00251,United Innovations,Financial Services,0.3018,0.439,0.0876,2.8746,1.4861,3.1657,2.7302,0.3146,11.0882,0.0604,0.1323,0.1575,0,
COMP_00352,Atlantic Services,Manufacturing,0.1089,0.0967,0.071,1.7841,0.6249,1.4981,1.0123,2.0046,2.5772,0.0414,0.0718,0.112,0,
COMP_00256,Titan Enterprises,Utilities,0.1892,0.2276,0.1399,2.8709,1.5782,2.0348,1.0297,1.458,6.0107,0.1852,0.156,0.222,0,
COMP_00292,Atlantic Ventures,Retail,0.3643,0.4649,0.1489,1.6337,1.8356,3.2722,1.8935,1.1849,6.4382,0.2105,0.1996,0.106,0,
COMP_00125,Summit Ventures,Financial Services,0.2166,0.3346,0.0856,2.1198,1.0727,1.6464,1.2206,1.1019,10.4339,0.1427,0.107,0.2727,0,
COMP_00353,Strategic Services,Transportation,0.1166,0.196,0.0492,1.5692,0.8797,1.1899,0.81,2.6129,2.7552,0.0711,0.0017,0.0132,0,
COMP_00340,Prime Partners,Financial Services,0.1348,0.2194,0.0459,1.6118,0.9565,1.6032,1.0789,2.6507,3.0017,0.0076,0.0615,-0.0047,0,
COMP_00117,Universal Holdings,Healthcare,0.1509,0.3559,0.1006,3.4867,1.3171,1.9974,1.4918,1.1481,5.0045,0.0835,0.0555,0.2473,0,
COMP_00487,Premier Manufacturing,Energy,0.0448,-0.1272,0.0195,0.6359,0.832,0.7288,0.3948,6.1501,0.2521,-0.1683,-0.1341,-0.2942,1,1.0
COMP_00162,Elite Logistics,Energy,0.2682,0.381,0.1515,3.415,1.1238,3.1501,2.2029,0.3925,3.7026,0.1168,0.1677,0.2415,0,
COMP_00422,Metropolitan Innovations,Agriculture,0.0372,0.067,0.0549,1.59,0.8626,1.2768,0.7958,2.194,4.765,0.0723,0.0402,0.0156,1,3.0
COMP_00095,Premier Ventures,Utilities,0.2118,0.2779,0.1585,2.4876,0.8973,1.9404,1.5005,0.3914,13.2145,0.149,0.1221,0.2185,0,
COMP_00345,Quantum Solutions,Agriculture,0.0592,0.0502,0.0418,1.0615,0.9971,1.6337,1.0413,1.5325,4.0507,0.0124,0.0532,0.0613,0,
COMP_00307,International Enterprises,Utilities,0.1449,0.0723,0.0687,1.1373,0.7041,1.3798,0.9942,2.2842,4.1277,-0.0075,0.0618,-0.0026,1,7.0
COMP_00048,Pioneer International,Healthcare,0.2052,0.377,0.1088,2.3124,1.885,2.1965,1.5498,1.2404,7.7585,0.1744,0.1794,0.2899,0,
COMP_00248,Metropolitan Solutions,Retail,0.357,0.4104,0.1591,2.6862,1.9365,2.4925,1.6256,0.4956,12.4345,0.1969,0.1077,0.105,0,
COMP_00283,Prime Enterprises,Financial Services,0.1101,0.4638,0.0865,2.672,0.8468,2.8337,1.783,1.3775,13.6574,0.1151,0.1851,0.2992,0,
COMP_00088,Titan Group,Utilities,0.3658,0.3848,0.0849,1.0732,1.8441,1.5425,1.311,0.9347,14.2688,0.2098,0.1997,0.1701,0,
COMP_00052,Horizon Logistics,Transportation,0.2884,0.2245,0.181,3.7626,0.8733,2.0538,1.6892,1.1979,5.2143,0.0919,0.1056,0.1969,0,
COMP_00454,Dynamic Systems,Technology,-0.1367,0.0366,-0.0954,0.8594,0.5762,0.5741,0.2029,7.7665,-0.782,-0.1562,-0.0909,-0.0829,1,3.0
COMP_00026,Strategic Ventures,Retail,0.1155,0.3594,0.1311,2.9123,1.6713,3.4517,2.4387,0.6875,12.5422,0.1042,0.1158,0.1157,0,
COMP_00356,Apex Innovations,Agriculture,0.023,0.2267,0.0532,1.2647,0.9958,1.442,0.9507,1.6229,4.348,0.0741,0.0519,0.1409,1,7.0
COMP_00261,Pioneer Services,Telecommunications,0.1812,0.2743,0.0594,2.3768,1.6793,2.7135,2.0871,0.3974,14.4179,0.2177,0.1708,0.2646,0,
COMP_00103,National Enterprises,Financial Services,0.2259,0.3916,0.1096,1.8226,1.9808,2.3187,1.9886,0.5759,5.5573,0.0562,0.1478,0.1737,0,
COMP_00344,Universal Ventures,Mining,0.1835,0.1313,0.0315,1.6577,0.776,1.5255,1.036,3.3005,4.2727,0.0476,0.0544,0.1392,0,
COMP_00294,Continental Innovations,Real Estate,0.1255,0.3157,0.0607,1.6324,1.0752,2.4382,1.481,0.4212,5.0099,0.0795,0.196,0.2519,0,
COMP_00179,Continental Dynamics,Transportation,0.1238,0.4194,0.0781,3.5745,1.7829,2.5816,2.0242,0.6772,8.654,0.2143,0.1189,0.1716,0,
COMP_00349,Strategic Systems,Manufacturing,0.1165,0.2125,0.0462,1.1669,0.8416,1.6725,1.1254,2.1305,1.9662,0.0432,0.0103,0.0657,0,
COMP_00369,Stellar Manufacturing,Utilities,0.0831,0.0548,0.0468,1.0125,0.6591,1.9567,1.2518,2.9573,2.6038,0.0193,0.019,-0.0306,1,6.0
COMP_00144,Prime Logistics,Transportation,0.1173,0.4085,0.1976,1.7175,0.9707,1.7428,1.0828,0.4213,11.3059,0.0625,0.1264,0.2993,0,
COMP_00465,Atlantic Systems,Manufacturing,0.0509,0.0898,0.0463,0.1587,0.7931,0.917,0.5126,3.6417,0.9506,0.0161,0.005,-0.1463,1,1.0
COMP_00444,Global Services,Transportation,-0.1164,0.0835,-0.0786,0.6218,0.4695,0.6232,0.2879,7.994,-0.8351,-0.0727,-0.136,-0.2459,1,5.0
COMP_00086,Pioneer Enterprises,Retail,0.3092,0.2892,0.1887,3.9132,1.9331,2.4484,2.0685,1.3135,6.8292,0.2158,0.0556,0.2193,0,
COMP_00118,Horizon Solutions,Consumer Goods,0.2991,0.3424,0.1766,3.417,1.5024,3.2365,1.8848,0.4343,6.237,0.0614,0.1297,0.2873,0,
COMP_00021,Pinnacle Co,Entertainment,0.3821,0.4862,0.1872,2.1105,0.8185,3.3566,2.2532,1.46,14.5634,0.2206,0.0942,0.177,0,
COMP_00051,Advanced Ventures,Telecommunications,0.1507,0.2836,0.0766,1.2661,0.9448,2.4216,1.4106,0.7371,9.041,0.1881,0.0559,0.2599,0,
COMP_00407,Titan Ventures,Consumer Goods,0.0393,0.0975,0.044,1.5714,0.9606,1.6961,0.9244,3.148,2.2143,0.0269,0.0641,-0.014,0,
COMP_00474,Central Holdings,Entertainment,-0.0261,-0.2334,0.0068,0.2583,0.4412,0.7955,0.5297,4.0586,-0.5673,-0.033,-0.0649,0.0191,1,1.0
COMP_00137,Pacific Systems,Entertainment,0.2995,0.4386,0.1891,1.7039,1.2792,1.8048,1.6189,1.4124,9.4795,0.2184,0.1281,0.2247,0,
COMP_00188,Alpha Logistics,Consumer Goods,0.3567,0.3564,0.0595,3.4941,1.5188,1.7299,0.9299,1.3916,11.0304,0.2159,0.1818,0.2144,0,
COMP_00077,Pinnacle Ventures,Consumer Goods,0.2872,0.3228,0.1328,2.3084,1.1534,3.3969,2.736,0.4681,13.4216,0.1475,0.1842,0.26,0,
COMP_00323,Century Dynamics,Manufacturing,0.0212,0.121,0.0531,1.611,0.9949,1.0701,0.5972,1.8636,2.0488,0.0627,0.0034,0.0338,0,
COMP_00142,Advanced Manufacturing,Mining,0.2196,0.2439,0.1051,1.2045,0.831,1.7703,1.5672,0.9594,14.5899,0.1365,0.0968,0.2012,0,
COMP_00308,Alpha Systems,Consumer Goods,0.1355,0.1632,0.0943,1.2648,0.6397,1.0192,0.7447,2.5495,4.2134,0.0034,0.0276,-0.044,0,
COMP_00387,Stellar Technologies,Energy,0.1605,0.2223,0.031,1.9429,0.7973,1.6623,1.1648,3.1239,4.8101,0.0113,0.0687,-0.0237,1,7.0
COMP_00180,Atlantic Dynamics,Transportation,0.2483,0.4485,0.1003,1.5213,1.6544,3.152,1.7029,0.5878,4.7037,0.1196,0.1176,0.2498,0,
COMP_00409,Omega Corp,Energy,0.0294,0.1096,0.0272,1.893,0.6036,1.4839,0.6667,2.1154,4.7412,-0.0038,0.0773,-0.0088,1,5.0
COMP_00143,Global Innovations,Agriculture,0.2319,0.2317,0.1461,1.6481,1.5435,2.8004,1.5705,0.3736,12.3691,0.142,0.0587,0.299,0,
COMP_00432,Continental Manufacturing,Healthcare,-0.1937,-0.2862,-0.0331,0.835,0.8311,0.4694,0.2419,7.5661,0.1639,-0.0175,-0.1273,0.0274,1,4.0
COMP_00319,Pacific Group,Construction,0.0718,0.2147,0.0857,1.3728,0.8105,1.3626,0.9842,2.1564,2.2317,-0.0115,0.0373,0.0464,0,
COMP_00425,National Dynamics,Manufacturing,0.1154,0.0738,0.0229,0.8633,1.1005,1.118,0.4674,2.3758,4.454,0.0062,0.0337,-0.042,0,
COMP_00264,Strategic Partners,Energy,0.3809,0.2192,0.1737,1.8771,1.3327,1.5438,0.9578,0.9032,3.6741,0.1482,0.1891,0.1211,0,
COMP_00410,Elite Enterprises,Financial Services,0.1483,0.1593,0.0908,1.4648,0.9207,1.1955,0.5577,3.333,2.6474,0.0172,0.0608,0.0178,1,5.0
COMP_00434,Quantum Logistics,Technology,0.0216,-0.2745,-0.0419,0.3545,0.4827,1.1864,0.6609,6.5884,1.9299,-0.117,-0.0137,-0.1479,1,3.0
COMP_00127,Vanguard Solutions,Technology,0.3867,0.2055,0.0794,1.0227,1.577,3.2961,1.969,1.4124,3.7232,0.2369,0.1027,0.1203,0,
COMP_00113,Titan Industries,Utilities,0.3228,0.3276,0.1019,2.1131,1.9852,1.5802,1.3381,0.9944,8.2634,0.1951,0.123,0.2747,0,
COMP_00056,Summit Innovations,Healthcare,0.2068,0.496,0.1409,1.7117,0.9221,1.8057,1.0805,0.4928,5.2388,0.107,0.076,0.2794,0,
COMP_00412,Central Co,Financial Services,0.1923,0.139,0.0591,1.222,1.1457,1.569,1.1059,3.1236,2.6965,0.0234,0.0679,0.0227,0,
COMP_00298,Advanced International,Energy,0.2375,0.4175,0.1361,3.0016,1.7325,3.2244,2.017,0.9456,13.0813,0.2479,0.1834,0.1743,0,
COMP_00009,Atlantic Inc,Telecommunications,0.2568,0.3283,0.0538,1.3237,0.8377,2.7728,1.7351,0.9103,13.8908,0.0999,0.1116,0.2511,0,
COMP_00197,Prime Corp,Construction,0.2838,0.4621,0.1586,1.3617,1.8829,1.6329,1.1652,0.4706,3.1405,0.1344,0.0943,0.1972,0,
COMP_00268,Pinnacle Systems,Mining,0.3031,0.4514,0.1788,3.2451,1.3271,2.7211,1.5351,1.1084,5.151,0.1888,0.0844,0.1235,0,
COMP_00397,Alpha Industries,Technology,0.1351,0.1518,0.0889,1.8392,0.6059,1.778,1.0389,3.4777,3.1913,0.0787,0.0604,-0.0003,0,
COMP_00112,Premier Ltd,Utilities,0.1685,0.4989,0.1962,2.951,1.0395,2.8605,1.5128,0.3368,6.0922,0.1425,0.1802,0.2454,0,
COMP_00043,Summit Group,Manufacturing,0.3054,0.2488,0.1866,3.4676,1.9398,2.9514,2.1999,0.8019,14.1927,0.2232,0.0568,0.1053,0,
COMP_00062,Century Corp,Real Estate,0.2996,0.3569,0.1038,3.6316,1.2709,3.1332,2.117,0.7523,8.5522,0.1103,0.1621,0.2005,0,
COMP_00216,Metropolitan Logistics,Entertainment,0.1369,0.4666,0.1255,2.348,1.503,2.7496,1.4537,1.1191,5.9032,0.1928,0.1734,0.2608,0,
COMP_00247,Titan International,Construction,0.3143,0.3385,0.1881,3.0838,1.6748,3.2234,1.9651,1.2685,5.3429,0.1191,0.1003,0.2957,0,
COMP_00022,Nova Partners,Utilities,0.3553,0.2951,0.0754,2.6704,1.9234,2.8921,2.1055,0.4166,10.3801,0.248,0.071,0.2037,0,
COMP_00414,Continental Logistics,Technology,0.0714,0.1769,0.0349,1.6992,0.9274,1.2041,0.6222,2.9972,3.1891,0.0016,0.0774,0.093,0,
COMP_00161,Universal International,Manufacturing,0.3087,0.201,0.1429,2.0665,1.753,1.686,1.2397,0.8772,10.7079,0.063,0.137,0.2123,0,
COMP_00496,National Innovations,Entertainment,-0.0767,-0.2063,-0.0971,0.8915,0.8794,0.6733,0.2931,3.0355,1.0408,-0.0184,-0.1251,-0.2441,1,2.0
COMP_00081,Advanced Innovations,Technology,0.1248,0.3809,0.0868,2.1679,1.1464,2.2113,1.7417,0.6565,9.7969,0.1452,0.1496,0.2874,0,
COMP_00364,United Logistics,Healthcare,0.0441,0.1751,0.0657,1.0218,0.6358,1.6044,1.1318,2.5468,2.2937,0.0467,0.0064,0.0384,0,
COMP_00194,Universal Solutions,Construction,0.1824,0.3184,0.1133,2.2331,1.8891,2.9281,2.176,0.6712,12.8855,0.241,0.1732,0.1003,0,
COMP_00215,Horizon Enterprises,Construction,0.341,0.4788,0.1108,3.7183,1.1858,2.4529,1.4482,1.0686,14.7478,0.1707,0.1037,0.2296,0,
COMP_00176,Continental Partners,Energy,0.3745,0.3599,0.0737,3.0877,1.7519,2.1335,1.7983,1.3874,6.3229,0.2467,0.0711,0.1404,0,
COMP_00100,Advanced Logistics,Agriculture,0.1903,0.4125,0.0601,2.7465,1.2151,2.7418,1.4211,1.3458,14.6819,0.2438,0.1624,0.126,0,
COMP_00378,Vanguard Ltd,Real Estate,0.162,0.1359,0.08,1.8956,0.9433,1.1808,0.5993,1.8973,2.364,0.0106,0.0444,0.0676,1,3.0
COMP_00240,Quantum Inc,Telecommunications,0.1847,0.3059,0.1841,3.8394,1.8711,2.3389,1.8995,0.8716,8.9705,0.0909,0.1387,0.1372,0,
COMP_00174,Global Corp,Entertainment,0.1716,0.3354,0.1977,3.316,0.8326,1.6304,1.1178,1.3911,9.4644,0.1496,0.0658,0.2314,0,
COMP_00320,Dynamic Corp,Real Estate,0.1682,0.0942,0.0505,1.7701,1.0942,1.3846,0.8081,2.1066,4.7639,-0.0081,0.0747,0.0868,0,
COMP_00035,Pacific Innovations,Mining,0.3716,0.2274,0.0979,3.8502,1.9407,2.6469,1.9924,0.8381,6.5185,0.1157,0.1509,0.2505,0,
COMP_00171,International Innovations,Telecommunications,0.3552,0.3684,0.1285,1.3443,1.8322,2.9456,1.5525,1.1494,9.5225,0.0663,0.1187,0.1969,0,
COMP_00228,Dynamic Enterprises,Financial Services,0.2194,0.2909,0.0599,1.6847,1.0959,2.4682,1.972,0.8686,3.6941,0.2416,0.1914,0.257,0,
COMP_00242,Global Manufacturing,Mining,0.3313,0.3964,0.0727,3.6276,1.4469,2.0649,1.3837,0.3451,4.5344,0.2031,0.05,0.1833,0,
COMP_00236,Stellar Ventures,Utilities,0.3779,0.2686,0.1452,1.6662,1.186,3.1961,2.5298,0.4145,8.1444,0.0558,0.1221,0.2325,0,
COMP_00458,Pinnacle Inc,Technology,0.0079,0.0949,-0.0662,0.6961,0.6658,1.1321,0.4104,6.759,0.7048,-0.1396,-0.0693,-0.1832,1,1.0
COMP_00500,Metropolitan Enterprises,Healthcare,-0.0002,0.0291,-0.098,0.5878,0.5757,0.7992,0.2628,6.4222,0.5097,-0.0317,-0.0675,-0.2477,1,2.0
COMP_00419,Universal Corporation,Technology,0.0083,0.1144,0.0648,1.8295,1.0002,1.4354,1.1214,2.9385,4.7556,0.0328,0.0207,-0.0394,0,
COMP_00282,Continental Systems,Agriculture,0.1794,0.3986,0.1722,3.3341,1.713,1.8754,1.004,1.1387,7.4202,0.1365,0.0547,0.1519,0,
COMP_00253,International Corporation,Energy,0.117,0.3122,0.1917,2.9252,1.6058,2.7646,1.6023,0.802,12.0113,0.0703,0.0917,0.1553,0,
COMP_00057,Pinnacle Manufacturing,Financial Services,0.1241,0.3574,0.1116,3.9471,0.9344,2.2957,2.0381,1.3386,12.8049,0.1016,0.0756,0.2337,0,
COMP_00493,Nova Holdings,Consumer Goods,-0.1703,-0.0508,-0.033,0.8002,0.4323,0.5317,0.2459,7.6329,1.1313,-0.1078,-0.0621,-0.2705,1,4.0
COMP_00080,Strategic Enterprises,Manufacturing,0.3622,0.3792,0.1401,2.9951,1.0104,3.3288,2.222,0.7598,9.227,0.0594,0.0749,0.2476,0,
COMP_00214,Titan Inc,Agriculture,0.2568,0.2899,0.0615,2.5019,1.7534,2.9142,1.5156,0.3875,7.8345,0.1091,0.0849,0.1562,0,
COMP_00391,Metropolitan Group,Manufacturing,0.0541,0.0998,0.0954,1.1579,1.0653,1.3931,0.6348,1.5214,3.4049,0.0776,0.0295,0.0214,1,5.0
COMP_00443,Atlantic Holdings,Agriculture,-0.0701,-0.0858,-0.0285,0.4503,0.8325,1.1151,0.4843,6.0753,1.7807,0.0117,-0.0635,-0.1415,1,3.0
COMP_00370,Advanced Solutions,Mining,0.0358,0.2095,0.0742,1.4563,0.8851,1.9224,0.8249,2.0612,2.7248,0.0582,0.0794,-0.0019,1,6.0
COMP_00121,Omega Ltd,Real Estate,0.391,0.2282,0.1509,2.3313,1.8418,1.8543,1.4409,1.3057,14.3354,0.1866,0.1246,0.2236,0,
COMP_00436,Pacific Logistics,Technology,-0.11,-0.1103,-0.0748,0.4193,0.54,0.4459,0.2378,7.4217,-0.5448,-0.0685,-0.037,-0.1532,1,2.0
COMP_00055,Central Inc,Agriculture,0.3368,0.3495,0.063,2.6113,1.5042,2.9909,2.0119,0.4531,6.4053,0.1226,0.1469,0.2142,0,
COMP_00313,Metropolitan Technologies,Retail,0.0014,0.0925,0.0731,1.2934,0.8414,1.8846,1.4289,3.3184,2.5986,0.0491,0.0217,-0.0119,0,
COMP_00469,Horizon Ltd,Manufacturing,0.0631,-0.2027,-0.0174,0.2732,0.3611,1.1289,0.7092,6.8002,-0.8537,-0.0144,-0.0755,-0.1802,1,2.0
COMP_00437,Quantum Ventures,Real Estate,0.0103,-0.1357,-0.0243,0.1066,0.715,0.9291,0.293,4.8413,1.9371,-0.1074,-0.0647,0.0185,1,1.0
COMP_00490,Horizon Technologies,Manufacturing,0.0439,-0.0646,-0.0684,0.313,0.6768,1.064,0.4961,4.2915,1.601,-0.0528,-0.0738,-0.1292,1,2.0
COMP_00245,Continental Corp,Consumer Goods,0.3263,0.318,0.1386,2.983,0.8941,2.589,2.0291,0.5008,12.3676,0.1668,0.1928,0.1085,0,
COMP_00471,Prime Manufacturing,Consumer Goods,-0.0282,0.0278,-0.051,0.4147,0.6578,0.6194,0.1924,6.6761,0.8769,-0.0722,-0.0239,-0.0637,1,4.0
COMP_00346,Quantum Corporation,Real Estate,0.0685,0.0769,0.0276,1.7978,1.151,1.6498,0.7282,2.3041,4.0513,0.058,0.0095,-0.05,0,
COMP_00441,Elite Co,Retail,0.0964,-0.1059,-0.0731,0.902,0.5762,0.9677,0.6711,3.2509,-0.7099,-0.0415,-0.1021,-0.2355,1,4.0
COMP_00018,Summit Industries,Utilities,0.2819,0.2028,0.0652,2.9905,0.8061,1.8216,1.3106,1.1303,10.8235,0.0949,0.1568,0.1474,0,
COMP_00439,Century Corporation,Manufacturing,-0.1794,-0.0801,-0.0374,0.89,0.4224,1.0612,0.5551,3.2731,1.9155,-0.0872,-0.1006,-0.1357,1,1.0
COMP_00389,Advanced Corp,Consumer Goods,0.1673,0.1598,0.0351,1.6645,0.9067,1.6043,0.9375,3.1574,4.4035,0.0509,0.0084,0.1178,1,7.0
COMP_00195,United Ventures,Manufacturing,0.2909,0.2153,0.0886,1.1786,1.5246,2.8732,1.5682,0.7606,8.4748,0.1238,0.0682,0.1838,0,
COMP_00382,National Corporation,Retail,0.0478,0.2016,0.0808,1.1751,0.8464,1.2097,0.9564,2.7912,4.7709,0.0103,0.0626,0.1032,0,
COMP_00094,Universal Industries,Consumer Goods,0.1274,0.4632,0.0898,1.3885,1.8665,3.4113,2.882,1.2714,10.8629,0.1602,0.063,0.1817,0,
COMP_00078,Century Services,Construction,0.2276,0.2067,0.0903,2.6249,1.5602,2.0158,1.1203,1.3019,14.8128,0.1551,0.0758,0.1545,0,
